cluster_id,blocker,namespace,shared_dependency,module,candidate_count,total_size,checker_pass,known_symbols,unknown_types,offsets,score,priority,addresses
a0f57bf886b1,checker uncertainty,Global,,static.crs,113,18036,0,113,133,,1115,HIGH,0x00103D9A;0x00357CD8;0x00103D9C;0x002FE6B0;0x0051F520;0x0031F190;0x0051AA68;0x00520E94;0x00105500;0x004B4968;0x00521788;0x00520F10;0x00521600;0x00521394;0x004B5670;0x00520FD8;0x00520DB4;0x00155260;0x005212B0;0x00521404;0x0010820C;0x0052095C;0x00520A34;0x004B499C;0x004B4A00;0x005209F4;0x00520B1C;0x00103E60;0x0030299C;0x00104470;0x00117624;0x00522930;0x00302988;0x003011F8;0x00117364;0x00521E64;0x00523EBC;0x00524148;0x0052407C;0x00108A70;0x001176B0;0x005240BC;0x005230F8;0x00595180;0x005950CC;0x00103E62;0x00278958;0x0052318C;0x005231C8;0x00522474;0x00595508;0x0011738C;0x004B61D8;0x00301A78;0x00100260;0x001001C4;0x00100294;0x004B5B44;0x004B5D90;0x00523FBC;0x004B579C;0x0051F360;0x00521640;0x004B6FC4;0x002FE954;0x00108B84;0x002FEC20;0x0051FFE4;0x0011704C;0x00524494;0x001002D8;0x00100380;0x0027882C;0x00104478;0x00595590;0x00524D98;0x004B6DFC;0x00301170;0x00117598;0x003010B4;0x0051F988;0x00100C78;0x001173E0;0x00524104;0x001005FC;0x0051F120;0x002FF960;0x004B58D4;0x0014C31C;0x005214D8;0x00104480;0x00100F1C;0x00100050;0x002FE350;0x005222DC;0x00522174;0x0051F21C;0x0031362C;0x00522F80;0x00522E4C;0x00522954;0x00522564;0x0051FED4;0x0052061C;0x00520F88;0x00520668;0x0052076C;0x00522804;0x005226C0;0x00520B5C;0x0051F79C;0x00521728;0x005204A0
f430b1172a81,checker uncertainty,pml::pokepara::CoreParam,,static.crs,61,9008,0,61,57,,619,HIGH,0x0049104C;0x00490AF4;0x00491008;0x004914B0;0x00491BDC;0x00490D7C;0x00319C78;0x0031C664;0x0031C03C;0x0031B890;0x0031B81C;0x00490A40;0x0031DE70;0x00318FF4;0x00490D14;0x0031D9C4;0x0031D884;0x0031BAE0;0x0031DCD4;0x0031B6E4;0x0049342C;0x0049249C;0x004922C4;0x004920F0;0x00492A1C;0x00493508;0x00492894;0x0031E058;0x0031D6C4;0x0031C564;0x00493288;0x0031C6A4;0x00319494;0x00492C28;0x00492DE8;0x0031D72C;0x0031BD04;0x0031CBA8;0x0031CA30;0x00491404;0x0031CE4C;0x004931F4;0x0031DAB0;0x0031BB4C;0x0031AECC;0x00493638;0x004935AC;0x0031DD60;0x0031A430;0x0031CA00;0x004926D8;0x00492464;0x0031A270;0x0031C094;0x00490960;0x0031DE10;0x003163F4;0x0031DF64;0x0031D380;0x0031C254;0x0031B9A0
979749aff9dc,checker uncertainty,app::util::G2DUtil,,static.crs,56,6436,0,56,96,,525,HIGH,0x003C1464;0x003C1A6C;0x003C165C;0x003C1AD0;0x003C1F08;0x003C1F68;0x003C1530;0x003C1888;0x003C192C;0x003C1D3C;0x003BFF34;0x0030F8B4;0x0030F5D4;0x00310078;0x0048EC40;0x00311100;0x003109AC;0x0030F9A4;0x00350C08;0x00310E60;0x0030F4FC;0x00311148;0x0030F62C;0x00310EE8;0x0030FFD8;0x003118E0;0x00310864;0x00311380;0x00310F80;0x0031179C;0x0048ECA8;0x0048EFE4;0x003113F4;0x00311954;0x0048ED20;0x004994F4;0x0030F6AC;0x00310CB0;0x0030F7F4;0x00310910;0x00310AF0;0x00310B80;0x0030FDC4;0x0031063C;0x0031148C;0x0030FA18;0x003102DC;0x003115D4;0x0030F4D0;0x00311820;0x00350C8C;0x0048EE48;0x0030FD40;0x00310DD8;0x00310E08;0x0030FF6C
8990b59b8c08,checker uncertainty,Sound,,static.crs,43,4892,0,43,74,,404,HIGH,0x003A9700;0x003ADA20;0x003ACA94;0x003ABC28;0x003ACAD8;0x003ACDEC;0x003AD1CC;0x003AEEBC;0x003AA7A0;0x003ACF04;0x003ABE58;0x003ACF84;0x003AD2DC;0x003ABAE8;0x003ADA60;0x003AEDDC;0x003AED54;0x003ADFA4;0x003A985C;0x003AA80C;0x003AE88C;0x003AEE2C;0x003A9768;0x003AA8E8;0x003AA97C;0x003ABDBC;0x003ADD6C;0x003AE0C0;0x003AECB8;0x003AA698;0x003AAA10;0x003ABB34;0x003AD010;0x003AEA9C;0x003A95D0;0x003AA52C;0x003AD7FC;0x003AD51C;0x003AC524;0x003AE990;0x003A9924;0x003AE7A8;0x003AEB28
3bfc9ce74281,checker uncertainty,Savedata::ResortSave,,static.crs,31,3764,0,31,35,,311,HIGH,0x00438B5C;0x00439560;0x00438168;0x004383C8;0x004382C0;0x00438DC4;0x00438228;0x00438EC4;0x00438088;0x004381F0;0x00438940;0x00438D08;0x00438878;0x00438734;0x0043857C;0x00439244;0x00439350;0x00439768;0x00437E00;0x00438440;0x00439904;0x00438020;0x004380C0;0x00439190;0x004390D4;0x00439014;0x00438704;0x00438D90;0x00438A6C;0x0043810C;0x004389FC
51f097ed97da,unknown this-pointer type,Savedata::ResortSave,,static.crs,19,792,19,19,19,,233,HIGH,0x004391AC;0x004391C8;0x004394D4;0x004395DC;0x00439910;0x00438B4C;0x00438F6C;0x00438D7C;0x0043933C;0x00438F48;0x004384FC;0x004388F0;0x00438BC0;0x00438D40;0x00439050;0x00439524;0x00437D7C;0x00438040;0x00439694
ce44fb93e71d,checker uncertainty,PokeTool::PokeModel,,static.crs,23,4928,0,23,27,,231,HIGH,0x00434F24;0x00435540;0x00435548;0x0043346C;0x00433E94;0x004347D4;0x00435634;0x0043567C;0x003295E0;0x004356E0;0x00434F28;0x00434FC4;0x00434C10;0x00435F1C;0x00434850;0x004334DC;0x004354A0;0x00433CE0;0x004347D0;0x00434E90;0x00434EB8;0x004357F4;0x004349B4
eae0ac9adaef,checker uncertainty,Savedata::ZukanData,,static.crs,22,5796,0,22,19,,228,HIGH,0x004A9020;0x004A9FD8;0x0044624C;0x004A99AC;0x004A9258;0x004A9E54;0x004A9DC8;0x004AA2D0;0x004A9320;0x00446094;0x004A9100;0x004AA1A4;0x004A8D44;0x004A9EE0;0x004A9CD0;0x004A9774;0x004A9890;0x004AA07C;0x00446860;0x004466D8;0x00446814;0x00446348
8168d477d168,unknown this-pointer type,app::util::G2DUtil,,static.crs,19,880,19,19,26,,226,HIGH,0x00310A44;0x00311070;0x00311828;0x003102BC;0x003C231C;0x00311080;0x00311314;0x0048EFC0;0x0030FD1C;0x00310A14;0x0030F850;0x00310E2C;0x003100C0;0x003116D0;0x00311340;0x0030F55C;0x003110B8;0x0048EED8;0x0048ED98
ad1f60d49e97,unknown this-pointer type,poke_3d::model::BaseModel,,static.crs,19,892,19,19,35,,217,HIGH,0x00417064;0x00417928;0x00417F60;0x004A59F0;0x004A5A50;0x004A54E8;0x00417668;0x004170E4;0x00417110;0x00418600;0x00417DC4;0x004A5AEC;0x00418308;0x00417D60;0x00417340;0x004182B4;0x004186BC;0x004183A4;0x00418458
333dba29213e,checker uncertainty,app::ui::UIView,,static.crs,22,3112,0,22,38,,209,HIGH,0x00310A3C;0x003110B0;0x002E7FB8;0x002E7918;0x002E7980;0x002E782C;0x0048D3AC;0x002E7B30;0x002E7314;0x002E7D54;0x002E7DEC;0x002E73A8;0x002E7BA8;0x002E76C0;0x002E74CC;0x002E7614;0x002E7A44;0x002E806C;0x002E7720;0x003BFEF8;0x0048D444;0x002E7394
ecfdd3944942,checker uncertainty,nn::y2r::CTR::detail,,static.crs,20,1524,0,20,28,,197,HIGH,0x00262018;0x00261FB8;0x00261AE8;0x00261E20;0x00261F9C;0x00261FD4;0x00262034;0x00262050;0x0026216C;0x00262188;0x0026270C;0x00261FF0;0x00261D2C;0x00262110;0x00261EF4;0x00261B04;0x00261BBC;0x00261C74;0x00261D68;0x00261E3C
7efec00d7bcc,checker uncertainty,NetAppLib::JoinFesta::JoinFestaPersonalData,,static.crs,19,1836,0,19,18,,196,HIGH,0x00468380;0x0046854C;0x004AADD0;0x004AA61C;0x004680C8;0x004687F0;0x00472D50;0x004AAF18;0x004AB3DC;0x004AAEC8;0x004AB320;0x004687C8;0x004AACC8;0x004AAD94;0x004AB434;0x00468F0C;0x00468348;0x004692C8;0x00468430
3e2036d25d90,shared header change required,pml::pokepara::CoreParam,,static.crs,15,848,15,15,15,,185,HIGH,0x00318050;0x0031D984;0x00319CFC;0x004920C4;0x0031B0BC;0x00492730;0x004934A0;0x0031AD14;0x004918FC;0x00492BC4;0x0031AF30;0x0031DA7C;0x0031CE0C;0x0031DDC0;0x0031A1B8
6cb2d2e72f34,checker uncertainty,gfl2::lyt::LytWk,,static.crs,16,2116,0,16,6,,175,HIGH,0x0049A14C;0x00350C98;0x0049A054;0x00352DDC;0x003537CC;0x00499CDC;0x004996B0;0x00499634;0x00499674;0x004995F4;0x00499930;0x00499A98;0x00499C1C;0x00499D30;0x00499F48;0x00499E3C
93112a1153ac,checker uncertainty,Savedata::JoinFestaDataSave,,static.crs,17,2756,0,17,20,,172,HIGH,0x0043E604;0x0043E344;0x0043EBEC;0x0043EE2C;0x004A72C8;0x0043E43C;0x0043E1F0;0x0043E3AC;0x0043E5D8;0x0049A7DC;0x0043EB04;0x0043E798;0x0043F364;0x0043ECE8;0x0043E6BC;0x0043F3EC;0x0043EB48
753bd3a4d9e0,checker uncertainty,BattleInst::BattleInst,,static.crs,20,5736,0,20,29,,171,MEDIUM,0x003C1FF0;0x001593E0;0x0015851C;0x00158348;0x00159F6C;0x00158434;0x00157D98;0x00159788;0x0015859C;0x001575E4;0x001597F4;0x001587F0;0x00157E88;0x001577F4;0x0015A04C;0x0031ED28;0x004939F0;0x00157AF8;0x00158418;0x00158070
f55332162158,checker uncertainty,Field::FieldScript::FieldScriptSystem,,static.crs,18,2880,0,18,32,,171,HIGH,0x0037F6B4;0x00380A64;0x00380D14;0x0038104C;0x0038005C;0x0051AF4C;0x0038087C;0x0037FFF4;0x003807DC;0x00380960;0x0037FD50;0x0037FB9C;0x003801E0;0x00380668;0x0037FE30;0x00381450;0x003803D0;0x0038063C
738335aa18c8,checker uncertainty,NetAppLib::BattleVideoPlayer::VideoDataManager,,static.crs,18,3976,0,18,13,,165,MEDIUM,0x00456DBC;0x00456698;0x00458208;0x004582F8;0x00457288;0x00456DFC;0x00456F24;0x00457E1C;0x00456744;0x00456990;0x00456FF4;0x00457F9C;0x00456A18;0x00457D28;0x00456FAC;0x0045688C;0x0045693C;0x004578C0
780270f9e9e4,checker uncertainty,app::util::AppRenderingManager,,static.crs,16,10384,0,16,17,,164,HIGH,0x003083E0;0x00307F3C;0x00307444;0x00308020;0x00307CE0;0x003081CC;0x0030BBF0;0x00308094;0x003089C0;0x0030B844;0x00308C58;0x00309290;0x0030BA38;0x00308570;0x00307528;0x0030AC78
45efdc6e8d49,checker uncertainty,poke_3d::model::BaseModel,,static.crs,18,2396,0,18,40,,163,HIGH,0x004A5948;0x004177D4;0x004180DC;0x004A5874;0x004A58F8;0x004A57BC;0x00417884;0x004179C0;0x004A5BB0;0x00417700;0x0041854C;0x00418798;0x004A54E0;0x0041712C;0x004A56CC;0x00417EFC;0x00417FFC;0x004185D4
124565c5238d,checker uncertainty,NetAppLib::JoinFestaUI::JoinFestaPlayerListSelectLowerViewBase,,static.crs,16,3148,0,16,22,,159,HIGH,0x00454BE0;0x004542DC;0x00454284;0x004552EC;0x00455158;0x0045547C;0x00454EC8;0x004AF34C;0x004544F0;0x004AED28;0x002EC06C;0x002EC124;0x0045506C;0x004AF4F8;0x00455228;0x00454BE8
fcd01c305496,checker uncertainty,poke_3d::model::BaseCamera,,static.crs,15,4480,0,15,18,,152,HIGH,0x0040D6EC;0x0040D530;0x004A3C28;0x004A4100;0x004A41CC;0x004A4298;0x0040D064;0x0040D2F8;0x0040D11C;0x004A3F38;0x004A35E4;0x004A3818;0x004A3CF4;0x0040D5BC;0x0040D5C4
7e7cdd140885,ABI uncertainty,Global,,static.crs,13,580,13,13,27,,147,HIGH,0x00520ECC;0x00155224;0x00150C60;0x0052136C;0x005209C4;0x005215D4;0x00521344;0x005205CC;0x00520AB4;0x00520ED8;0x001541A4;0x0015345C;0x00525164
8ea3a4bd7743,ABI uncertainty,Savedata::ResortSave,,static.crs,14,752,14,14,42,,145,HIGH,0x004386D0;0x004389B4;0x00438B00;0x00438CA0;0x00438CD4;0x00438E4C;0x004390F4;0x00439128;0x0043915C;0x004395E8;0x0043961C;0x00437DC4;0x004380D0;0x00438FD8
fc0c0b6f7c14,checker uncertainty,Field::FieldSound,,static.crs,15,1540,0,15,26,,144,HIGH,0x003ADA5C;0x003AD7F4;0x003AE988;0x003ACAD0;0x003AA4B4;0x003AD264;0x00374738;0x003747AC;0x00374064;0x00374318;0x003743F8;0x00373E7C;0x003744B4;0x00374820;0x003746F8
5163cd86bb15,checker uncertainty,pml::personal,,static.crs,14,2144,0,14,16,,143,HIGH,0x003155DC;0x0031593C;0x00314780;0x00315FA0;0x00315D74;0x00315FE8;0x00315928;0x00315FF8;0x00315D20;0x00315058;0x00315158;0x003158BC;0x003162D8;0x00316020
e36002e4544a,checker uncertainty,gfl2::fs::AsyncFileManager,,static.crs,14,5144,0,14,17,,142,HIGH,0x0033F6E8;0x0033F38C;0x0033F5D0;0x00340680;0x0033F960;0x0033FE48;0x00496D88;0x004976EC;0x0049721C;0x00497320;0x0049739C;0x00497524;0x0033EA04;0x0033EFB0
84eadb875340,checker uncertainty,App::Tool::MapManager,,static.crs,14,3532,0,14,25,,134,HIGH,0x002C9D40;0x002C9964;0x002CA04C;0x002C9B60;0x002C9BEC;0x002C9C5C;0x002CA098;0x002C9454;0x002C99D4;0x002CA478;0x002C8E60;0x002CA2DC;0x002C91C8;0x002C98E0
abbb56e91bb0,checker uncertainty,Savedata::MyItem,,static.crs,12,2600,0,12,11,,126,HIGH,0x0044240C;0x004A7EB0;0x00442214;0x00441D18;0x00441F44;0x00441B00;0x00441D9C;0x00442614;0x00442518;0x00441E88;0x004428A8;0x00442750
36eff049015d,unknown this-pointer type,poke_3d::model::BaseCamera,,static.crs,11,232,11,11,22,,126,HIGH,0x0040D2C4;0x0040D104;0x0040D2D4;0x0040D490;0x0040D5CC;0x0040D10C;0x0040D058;0x0040D03C;0x0040D2DC;0x0040D508;0x0040D0C8
380408e741c7,unknown this-pointer type,Field::FieldSound,,static.crs,11,308,11,11,24,,124,HIGH,0x003AD730;0x003AD8B4;0x003741B4;0x003741C4;0x0037400C;0x00374608;0x00374678;0x00373E58;0x003746CC;0x00374624;0x00374028
d5c80dbe1842,checker uncertainty,Field::MoveModel::FieldMoveModelManager,,static.crs,12,2592,0,12,17,,120,HIGH,0x003A4FC4;0x003A5174;0x003A4F88;0x003A4074;0x003A4610;0x003A3F94;0x003A4B04;0x003A45B8;0x003A4908;0x003A3958;0x003A4974;0x003A4BCC
68764e9c2e89,unknown this-pointer type,NetAppLib::JoinFesta::JoinFestaPersonalData,,static.crs,10,388,10,10,15,,120,HIGH,0x00467DE0;0x004AAA40;0x00468F00;0x00468774;0x004684D8;0x00468538;0x004AB418;0x004AAC34;0x00468498;0x004689E0
02628ae55249,checker uncertainty,nn::nex::DateTime,,static.crs,11,312,0,11,6,,120,HIGH,0x00241E40;0x00241F4C;0x00241F3C;0x00484288;0x004842A4;0x004842C0;0x004842DC;0x004842F8;0x00484330;0x00484354;0x00484378
c835bccdd670,checker uncertainty,App::Box::BoxAppSetup,,static.crs,11,1068,0,11,8,,118,HIGH,0x00358088;0x002C7F70;0x002C8068;0x002C7FB0;0x002C8104;0x002C7E04;0x002C7F5C;0x004977E4;0x002C7D04;0x002C7D80;0x002C7D54
a201c59a3422,checker uncertainty,GameSys::GameData,,static.crs,12,956,0,12,22,,115,HIGH,0x003F2DB0;0x003F2B00;0x003F2874;0x003F27D0;0x00444230;0x003F2A50;0x003F2B54;0x003F31CC;0x003F3154;0x003F2A84;0x003F28A8;0x003F2BA8
858511e60f38,unknown this-pointer type,app::tool::PokeIcon,,static.crs,9,476,9,9,11,,111,HIGH,0x00305048;0x00305024;0x003054E8;0x00305388;0x003054B0;0x00305050;0x0030550C;0x003053A0;0x00304FB4
e5f0a6f6a727,checker uncertainty,poke_3d::model::DressUpModelResourceManager,,static.crs,11,2760,0,11,15,,111,HIGH,0x0041460C;0x004144AC;0x00414568;0x00415D8C;0x00415F14;0x004142C0;0x00415C2C;0x00414AAC;0x00414B78;0x00414F8C;0x0041498C
57ae07954ef5,checker uncertainty,gfl2::renderingengine::renderer::RenderingPipeLine::SceneRenderPath,,static.crs,11,3316,0,11,16,,110,HIGH,0x00333AD4;0x00336D90;0x003367D4;0x003368A0;0x00336910;0x003360E0;0x00336B14;0x00336818;0x00336394;0x003363E4;0x00336E6C
66794c98b7ee,checker uncertainty,std::string,,static.crs,10,1018,0,10,6,,109,HIGH,0x00302E68;0x001041B0;0x00302DDC;0x00301890;0x003018C8;0x003019E4;0x0030209C;0x00104360;0x0030203C;0x001041E4
33d4d58023e3,unknown this-pointer type,App::Tool::TalkWindow,,static.crs,9,552,9,9,14,,108,HIGH,0x002CA620;0x003111AC;0x002CAEEC;0x002CB744;0x002CB150;0x002CB374;0x002CB46C;0x002CA994;0x002CB23C
c0eb8ff5a252,checker uncertainty,Savedata::MysteryGiftSave,,static.crs,10,2604,0,10,7,,108,HIGH,0x0043BD34;0x0043BC84;0x0043C0D4;0x0043C184;0x0043C234;0x0043BF00;0x0043BFF0;0x0043D8B4;0x0043C2E4;0x0043C444
046fdadb3419,checker uncertainty,App::Tool::MessageMenuView,,static.crs,10,2344,0,10,11,,104,HIGH,0x002CE9CC;0x002E6A98;0x002CE088;0x002E7F38;0x002CEC44;0x002CE1A8;0x002CE9D4;0x004AC3E4;0x002CE4C8;0x002CE258
251b7bbf910d,checker uncertainty,App::Tool::ItemEffect,,static.crs,10,2072,0,10,12,,103,HIGH,0x00309DB8;0x002C8B08;0x002C8DCC;0x002C8B80;0x002C89FC;0x002C8360;0x002C87E8;0x002C8CF0;0x002C8490;0x002C84C4
5d6cd2979be7,checker uncertainty,PokeTool::PokeModelSystem,,static.crs,10,3376,0,10,12,,103,HIGH,0x0042FA10;0x00430020;0x0042FF4C;0x0042EFBC;0x0042FA68;0x0042FB98;0x0042F4F8;0x0042F8B0;0x0042F750;0x0042F0D0
7c27677ff13f,checker uncertainty,gfl2::gfx::ctr::CTRGL,,static.crs,11,2380,0,11,24,,102,HIGH,0x0034BA5C;0x0034BAE8;0x00349B44;0x0034A630;0x0034B7B8;0x0034A228;0x0034BDF4;0x0034AAD8;0x0034A9D8;0x00349FFC;0x0034B464
5efd3fd1c83a,ABI uncertainty,ExtSavedata::RegulationExtSaveData,,static.crs,8,140,8,8,8,,101,HIGH,0x0015B230;0x0015C198;0x0015C2B8;0x0015C308;0x0015BF60;0x0015C028;0x0015C220;0x0015C268
0f61944c6edf,checker uncertainty,app::tool::ButtonManager,,static.crs,10,2176,0,10,14,,101,HIGH,0x002ECDB8;0x002ECE78;0x002EE220;0x002EE0D0;0x002EBF10;0x002ECCAC;0x002EC198;0x0048D8EC;0x002EC060;0x002EDFD4
101a43dd1db9,unknown this-pointer type,NetApp::NBR::NBRNet,,static.crs,8,516,8,8,9,,100,HIGH,0x003CEB90;0x003CF138;0x003CF168;0x003CEBC0;0x003CEF74;0x003CF0EC;0x003CEFB4;0x003CEEC4
2494b24826be,ABI uncertainty,Sound,,static.crs,8,428,8,8,10,,99,MEDIUM,0x003AE1A8;0x003AD370;0x003AD58C;0x003A9630;0x003AD210;0x003A99AC;0x003ABC6C;0x003ADD20
6925737b9303,checker uncertainty,poke_3d::model::CharaModelFactory,,static.crs,10,1624,0,10,16,,99,MEDIUM,0x0041126C;0x00413000;0x004A4EE0;0x004120A0;0x004A4CA0;0x00411520;0x004113F4;0x00411FDC;0x00412108;0x00411270
86a31d0eb0f9,checker uncertainty,Savedata::BoxPokemon,,static.crs,9,1712,0,9,6,,98,MEDIUM,0x00437018;0x00436AFC;0x00436F00;0x00436BE4;0x004370D0;0x00436C7C;0x0043754C;0x00437388;0x00437770
2ea705edeabc,checker uncertainty,System::Skybox::Skybox,,static.crs,10,2680,0,10,18,,97,MEDIUM,0x003EB778;0x003EBDE0;0x003EBE70;0x003EBAB8;0x003EB904;0x004A3080;0x003EB018;0x003EBD58;0x003EB7FC;0x003EBF50
26de7d0650eb,checker uncertainty,print,,static.crs,9,1288,0,9,9,,95,MEDIUM,0x00354130;0x00352808;0x003BFB9C;0x003C08C4;0x003BFC9C;0x003C02B4;0x003C0298;0x003C0360;0x003BFF94
ea9dcb03cba8,checker uncertainty,app::tool::CharaSimpleModel,,static.crs,9,3080,0,9,11,,93,MEDIUM,0x004A55A8;0x002F2044;0x002F2178;0x002F209C;0x002F2B4C;0x002F2DE8;0x002F2224;0x002F2C74;0x002F2434
7c2318dd030a,ABI uncertainty,pml::wazadata,,static.crs,8,168,8,8,16,,93,MEDIUM,0x0031E168;0x0031E200;0x0031E444;0x0031E494;0x0031E524;0x0031E694;0x0031E1E8;0x0031E6A8
998a0378aaf1,checker uncertainty,Field::FieldScript::ScriptEffectManager,,static.crs,9,2764,0,9,14,,90,MEDIUM,0x00382D5C;0x003825E8;0x00382484;0x00382C28;0x003822EC;0x0038289C;0x003826B8;0x00382A44;0x00382118
ac1ba42ccb35,checker uncertainty,NetAppLib::UI::NetAppCursorView,,static.crs,9,1664,0,9,14,,90,MEDIUM,0x00458FC0;0x004ADA00;0x00459674;0x004AD82C;0x0045912C;0x00459454;0x0045921C;0x00458FC8;0x00459778
8f79923a21fd,checker uncertainty,NetAppLib::JoinFesta::JoinFestaAttractionManager,,static.crs,9,568,0,9,15,,89,MEDIUM,0x004715DC;0x004715E4;0x004716F8;0x00471694;0x00471774;0x0046AA98;0x00471874;0x00471AB0;0x0047077C
45a00685e017,checker uncertainty,app::tool::MenuWindow,,static.crs,9,2140,0,9,15,,89,MEDIUM,0x002E76BC;0x002EA750;0x002EA6C0;0x002EA2E0;0x002EACE0;0x002EAE0C;0x002EAAEC;0x002EA464;0x002EA018
dd741c79b75f,ABI uncertainty,print,,static.crs,7,184,7,7,7,,89,MEDIUM,0x003C02F4;0x003BFD58;0x003C0908;0x003BFED8;0x003BFF08;0x003C0308;0x003C08E8
f1193d308b54,unknown this-pointer type,print::WordSet,,static.crs,7,704,7,7,7,,89,MEDIUM,0x003C1A74;0x003C181C;0x003C1664;0x003C1F10;0x003C0FB8;0x003C234C;0x003C13F0
c408aa2c0116,unknown this-pointer type,Regulation,,static.crs,7,208,7,7,8,,88,MEDIUM,0x00474CEC;0x00474D74;0x00474F10;0x0015AF60;0x00474C40;0x00474C9C;0x0015A8D4
4ff1cc5da90f,unknown this-pointer type,App::Tool::MapManager,,static.crs,7,344,7,7,9,,87,MEDIUM,0x002C9B48;0x002C9E20;0x002C97AC;0x002CA2B0;0x002C9E54;0x002C9AE4;0x002C9E94
9e508991173b,checker uncertainty,Savedata::FieldMenu,,static.crs,8,644,0,8,6,,87,MEDIUM,0x004453F8;0x004454A4;0x004455A8;0x004A8B5C;0x004455C4;0x004A8A90;0x004A8B18;0x00444F50
a8160ef0be6a,checker uncertainty,app::tool::AppToolTrainerIconRendering,,static.crs,8,4304,0,8,6,,87,MEDIUM,0x002FE700;0x002FD5AC;0x002FD74C;0x002FCA98;0x002FE024;0x002FE824;0x002FE580;0x002FD9E0
47b194155d23,checker uncertainty,app::tool::PaneList,,static.crs,8,1644,0,8,8,,85,MEDIUM,0x00304374;0x003007B8;0x00300444;0x0030252C;0x00301594;0x003015EC;0x003004A0;0x00301BC0
68136cd32e36,checker uncertainty,System::MotionBlur,,static.crs,8,4488,0,8,11,,82,MEDIUM,0x003E4210;0x003E3F68;0x003E449C;0x003E3A38;0x003E3300;0x003E392C;0x003E40D8;0x00360E88
f0b89b67f026,checker uncertainty,gflnet2::nex::NexRankingClient,,static.crs,8,2292,0,8,11,,82,MEDIUM,0x003F98A4;0x003F9C78;0x003F9B1C;0x003F9A08;0x003F95A0;0x003FA720;0x003F9C48;0x003FA5D0
c6b07ff40cfa,checker uncertainty,NetAppLib::Message::MessageUtility,,static.crs,7,1144,0,7,1,,81,MEDIUM,0x00461208;0x004613B4;0x0046148C;0x00461300;0x00461340;0x00461258;0x00461584
c9dbd285ef2b,missing class declaration,Savedata::ZukanData,,static.crs,5,324,5,5,0,,80,MEDIUM,0x00446E7C;0x004A9C98;0x004A8F78;0x004A8FB4;0x004A9A24
9f3e5ea388d2,missing class declaration,Sound,,static.crs,5,336,5,5,0,,80,MEDIUM,0x003A9828;0x003AA76C;0x003AA730;0x003A98D8;0x003ACD74
601e90384eb4,checker uncertainty,app::tool::MenuCursor,,static.crs,8,1492,0,8,13,,80,MEDIUM,0x002E96B0;0x002E9C08;0x002E961C;0x002E9738;0x002E99F4;0x002E9870;0x002E9DA0;0x002E9C80
bcf9c3d2ca75,unknown this-pointer type,NetAppLib::P2PTrade::P2PTradeRequestClient,,static.crs,6,192,6,6,6,,77,MEDIUM,0x00464B80;0x00464BA0;0x00464BF4;0x00464CF0;0x00464D18;0x00464D38
f29833ccda10,unknown this-pointer type,PokeTool::PokemonSort,,static.crs,6,236,6,6,6,,77,MEDIUM,0x0042BDE8;0x0042C00C;0x0042C038;0x0042C7A8;0x0042C424;0x0042C770
7d3adb1a3fca,unknown this-pointer type,gfl2::system::Date,,static.crs,6,288,6,6,6,,77,MEDIUM,0x0035E92C;0x0035E9F8;0x0035EA24;0x0035E9CC;0x0035EA50;0x0049BC3C
e17521ad6ad0,checker uncertainty,Field::World,,static.crs,7,1492,0,7,6,,76,MEDIUM,0x0049E290;0x00395A98;0x0049E37C;0x0049E1D8;0x00395E90;0x003958E4;0x0049E198
8d8348b15e08,checker uncertainty,app::tool::InfoWindowBookType,,static.crs,8,1448,0,8,17,,76,MEDIUM,0x002F69AC;0x002F7858;0x002F7F28;0x002F7EC0;0x002F8874;0x002F8990;0x002F765C;0x002F6880
0ae1893e819d,checker uncertainty,gfl2::system::Date,,static.crs,7,28,0,7,6,,76,MEDIUM,0x00478974;0x00478AD4;0x00478C8C;0x00478CFC;0x00478A78;0x00478BD4;0x00478C30
b4c04403a15d,checker uncertainty,Field::MoveModel::FieldMoveModel,,static.crs,8,2228,0,8,18,,75,MEDIUM,0x0039DD30;0x0039D4E8;0x0039D47C;0x0039DD9C;0x0039D550;0x0039DABC;0x0039D80C;0x0039B678
0e1eaeab0512,checker uncertainty,itemman::ITEM_MANAGER,,static.crs,7,1264,0,7,7,,75,MEDIUM,0x0040CD6C;0x0040CC48;0x0040CE0C;0x0040CA94;0x0040C9F4;0x0040CA44;0x0040CD0C
ed40f414fc39,checker uncertainty,nn::snd::CTR,,static.crs,7,856,0,7,7,,75,MEDIUM,0x00174228;0x0025BF88;0x0025E5C4;0x0025B408;0x0025B460;0x0025BDD4;0x002593F4
afbc924ad281,checker uncertainty,Field::Encount::PokeSet,,static.crs,7,1328,0,7,8,,74,MEDIUM,0x003991C8;0x00398C90;0x003980F8;0x0049E8BC;0x00398D44;0x00398410;0x00399664
d2fd4dd87b0a,checker uncertainty,NetAppLib::Util::NetAppEffectBG,,static.crs,7,2584,0,7,8,,74,MEDIUM,0x003058CC;0x0045B7C4;0x0045B874;0x0045B924;0x0045C0E8;0x0045BC34;0x00305E50
6fec0bce71f6,checker uncertainty,gflnet2::nex::NexMatchMakingClient,,static.crs,7,3408,0,7,8,,74,MEDIUM,0x003FC960;0x003FE808;0x003FDB70;0x003FCF1C;0x003FC578;0x003FD048;0x003FF048
91610b79b596,ABI uncertainty,item,,static.crs,6,224,6,6,9,,74,MEDIUM,0x0036D15C;0x0036D170;0x0036D0F8;0x0036D130;0x0036D1DC;0x0036D500
c8749b8eb9cf,checker uncertainty,app::util::EffectUtil,,static.crs,7,1868,0,7,9,,73,MEDIUM,0x00305860;0x003057EC;0x00305A3C;0x003058D4;0x00305970;0x00305B00;0x00305FC4
f83b4e6186c9,checker uncertainty,Field::MoveModel::FieldMoveModelPlayer,,static.crs,7,2060,0,7,10,,72,MEDIUM,0x003A1C94;0x0049F4A0;0x003A1E54;0x003A11A8;0x003A1F30;0x0039FEC0;0x003A03BC
11a9933db584,checker uncertainty,Savedata::QRReaderSaveData,,static.crs,7,1564,0,7,10,,72,MEDIUM,0x0043DBB0;0x004A7168;0x0043DA80;0x0043DEA4;0x004A7008;0x0043DD20;0x0043DCA8
0d476435c1e2,checker uncertainty,gflnet2::p2p::NetGame,,static.crs,7,1496,0,7,13,,69,MEDIUM,0x00407DF8;0x00406EB8;0x00407AC0;0x004072F4;0x00407180;0x00407464;0x00407A74
9fe98d22bd4e,missing class declaration,Field::FieldScript::FieldScriptSystem,,static.crs,4,228,4,4,0,,67,MEDIUM,0x0037FB78;0x0038109C;0x00380A04;0x00380E7C
ba0446bf0998,checker uncertainty,PokeTool::ExtendData,,static.crs,6,628,0,6,4,,67,MEDIUM,0x0042A4EC;0x004A6864;0x0042A538;0x004A6798;0x004A68D4;0x004A6818
7e6eea983902,missing class declaration,PokeTool::KawaigariParamCareCoreManager,,static.crs,4,312,4,4,0,,67,MEDIUM,0x0043072C;0x00430774;0x004307C4;0x00430814
348e6ed7d78c,checker uncertainty,WordSetLoader,,static.crs,6,1528,0,6,4,,67,MEDIUM,0x0015E12C;0x0015E4D4;0x0015E414;0x0015E844;0x0015E5A0;0x0015E720
fb7b4eeb8b8f,missing class declaration,app::tool::AppCommonGrpIconData,,static.crs,4,152,4,4,0,,67,MEDIUM,0x002FAA24;0x002FAB54;0x002FAB70;0x002FA984
78d6dd95ce20,missing class declaration,gfl2::ui::Button,,static.crs,4,296,4,4,0,,67,MEDIUM,0x001049F8;0x00498F90;0x00498F40;0x00498FD8
74767e25b03b,checker uncertainty,item,,static.crs,6,976,0,6,4,,67,MEDIUM,0x0036CE88;0x0036CF00;0x0036D328;0x0036D274;0x0036CF60;0x0036D3DC
5c9744b35fa9,missing class declaration,poke_3d::model::BaseModel,,static.crs,4,248,4,4,0,,67,MEDIUM,0x00418008;0x00417D1C;0x004A5A0C;0x004A5840
3965a76a4b5a,checker uncertainty,NetAppLib::JoinFestaUI::JoinFestaPlayerListManager,,static.crs,6,1072,0,6,5,,66,MEDIUM,0x0044B178;0x0044AB40;0x0044B0B4;0x0044AEB0;0x0044C460;0x0044BF8C
aa4187b453db,checker uncertainty,Savedata::BOX,,static.crs,6,1276,0,6,5,,66,MEDIUM,0x004412DC;0x00440EF4;0x00441248;0x004A7A78;0x00441390;0x00440DE0
061ff72beac4,checker uncertainty,NetAppLib::JoinFesta::JoinFestaPersonalDataManager,,static.crs,6,1576,0,6,6,,65,MEDIUM,0x00468F48;0x00473984;0x00473148;0x0047320C;0x00472F30;0x0047296C
5fbfcb59a327,checker uncertainty,NetAppLib::System::ApplicationSystemBase,,static.crs,6,2104,0,6,6,,65,MEDIUM,0x00460E08;0x0045FFF4;0x004607B0;0x00460950;0x00460278;0x00460ABC
229bc72a99f8,checker uncertainty,app::ui::UIResponder,,static.crs,6,800,0,6,6,,65,MEDIUM,0x002E6C68;0x002E6BA4;0x002E6F24;0x002E6F5C;0x002E6D24;0x0048D354
7dec365ed31e,checker uncertainty,gfl2::animation::AnimationPackList,,static.crs,6,1064,0,6,6,,65,MEDIUM,0x00361660;0x00361838;0x003617BC;0x003618A0;0x0036159C;0x0035FD30
7015b1a2f4ec,checker uncertainty,gfl2::renderingengine::scenegraph::instance::ModelInstanceNode,,static.crs,6,3088,0,6,6,,65,MEDIUM,0x0032B044;0x0032B068;0x003296B0;0x004940AC;0x00329B24;0x0032B1D0
b24833262904,unknown this-pointer type,NetAppLib::JoinFestaUI::JoinFestaPlayerListMessageMenuLowerView,,static.crs,5,492,5,5,6,,64,MEDIUM,0x00455B30;0x00455A68;0x00455AC8;0x004555F8;0x0045551C
e5693db85158,checker uncertainty,app::tool::CommonMessageObject,,static.crs,6,948,0,6,7,,64,MEDIUM,0x002F8B14;0x002F8DF4;0x002F8B90;0x002F8D9C;0x002F8C54;0x002F8FDC
ab96e83dae8a,checker uncertainty,app::tool::CursorController,,static.crs,6,792,0,6,7,,64,MEDIUM,0x002F31C4;0x002F323C;0x002F349C;0x0048E19C;0x002F3370;0x002F2E90
069e944d9fce,checker uncertainty,App::Tool::TalkWindow,,static.crs,6,1692,0,6,8,,63,MEDIUM,0x002CB2EC;0x002CAF28;0x002CA784;0x002CA644;0x002CAF1C;0x002E772C
9ab6c5dd3a32,unknown this-pointer type,app::util::GetPaneHelper,,static.crs,5,268,5,5,7,,63,MEDIUM,0x003070E8;0x00306EB8;0x00306EEC;0x00306F20;0x003070B4
b9cc47c05d0a,checker uncertainty,nn::svc,,static.crs,6,64,0,6,8,,63,MEDIUM,0x0010EF14;0x0010EF1C;0x0010EF90;0x0010EFC8;0x0010F09C;0x00106320
fb0cd367f908,checker uncertainty,Field::Encount::EncountEffect,,static.crs,6,1268,0,6,9,,62,MEDIUM,0x003976E8;0x00397684;0x00397AD8;0x003978B0;0x00397994;0x0039723C
739dd068d1e3,checker uncertainty,System::EnvAccessor,,static.crs,6,1552,0,6,9,,62,MEDIUM,0x003E47C0;0x003E4560;0x003E463C;0x003E4934;0x0036A850;0x003E4B80
9d63a3b1a7c4,checker uncertainty,Field::EventPokemonRideTool,,static.crs,6,1056,0,6,12,,59,MEDIUM,0x003935E4;0x00393660;0x00393560;0x00393410;0x0039327C;0x00393258
ccf3a4714e82,checker uncertainty,NetApp::NBR::NBRNet,,static.crs,5,36,0,5,3,,57,MEDIUM,0x00407AAC;0x00407304;0x00406EB0;0x004070A8;0x00407A94
4d70bb75395a,checker uncertainty,Field::FieldScript::Work,,static.crs,5,428,0,5,4,,56,MEDIUM,0x003833E0;0x00383364;0x00383278;0x00383560;0x003835CC
9d7cf85a1233,checker uncertainty,PokeTool::PokeGetUtil,,static.crs,6,756,0,6,15,,56,MEDIUM,0x0042B11C;0x0042B6D4;0x0042B398;0x0042B76C;0x0042B958;0x0042B4CC
14d84f0e56ec,checker uncertainty,Savedata::MyStatus,,static.crs,6,108,0,6,15,,56,MEDIUM,0x004439AC;0x00443AD8;0x004A8408;0x00443CCC;0x00443CE4;0x003D08C8
7668aaafef31,checker uncertainty,print::WordSet,,static.crs,5,1236,0,5,5,,55,MEDIUM,0x003C1F70;0x003C1AD8;0x003C1D9C;0x003C23F4;0x003C2080
ef9da0160b19,missing class declaration,NetAppLib::P2PTrade::P2PTradeRequestClient,,static.crs,3,108,3,3,0,,54,MEDIUM,0x00464D58;0x00464BD4;0x00464C58
ae0e7cd60349,checker uncertainty,NetLib::P2P::P2pConnectionManager,,static.crs,5,1984,0,5,6,,54,MEDIUM,0x003D66D4;0x003D6790;0x003D62B4;0x003D7420;0x003D5F1C
f48917d52359,missing class declaration,PokeTool::PokeModel,,static.crs,3,140,3,3,0,,54,MEDIUM,0x004349A4;0x00434D84;0x004357A4
7de32b67f56b,missing class declaration,Savedata::MyStatus,,static.crs,3,84,3,3,0,,54,MEDIUM,0x00443D40;0x00443958;0x00443CF4
6bf6143324ab,checker uncertainty,System::Camera::CModelViewerInFrame,,static.crs,5,2708,0,5,6,,54,MEDIUM,0x003E8200;0x003E8318;0x003E8550;0x003E8F44;0x003E872C
663d74d9ab63,missing class declaration,gfl2::ui::Gyroscope,,static.crs,3,48,3,3,0,,54,MEDIUM,0x00499130;0x00499140;0x00499150
8a62a9b65e0f,missing class declaration,gfl2::ui::VectorDevice,,static.crs,3,92,3,3,0,,54,MEDIUM,0x00498704;0x00498730;0x00498754
3ec49bf83b9f,unknown this-pointer type,app::tool::MenuCursor,,static.crs,4,272,4,4,4,,53,MEDIUM,0x002E95FC;0x002E9CCC;0x002E9B98;0x002E9CE0
7b5fdac5fd69,unknown this-pointer type,gfl2::ui::Gyroscope,,static.crs,4,64,4,4,4,,53,MEDIUM,0x0034736C;0x0034737C;0x0034738C;0x0034739C
cf72c04d2931,checker uncertainty,pml::pokepara::PokemonParam,,static.crs,5,272,0,5,7,,53,MEDIUM,0x0031E054;0x00492724;0x0031A0B4;0x00317E08;0x00317FB4
bb19451e8cef,checker uncertainty,pml::wazadata,,static.crs,5,484,0,5,7,,53,MEDIUM,0x0031E0BC;0x0031E17C;0x0031E214;0x0031E4A8;0x0031E458
9a40e66e568e,checker uncertainty,NetApp::Live::LiveNet,,static.crs,5,772,0,5,8,,52,MEDIUM,0x003CFC6C;0x003CF688;0x003CF884;0x003CF78C;0x004A2B20
00118b85e244,unknown this-pointer type,app::tool::ItemIcon,,static.crs,4,268,4,4,5,,52,MEDIUM,0x002FF88C;0x002FF8B0;0x002FF840;0x002FF1F0
e3e5685b7e64,checker uncertainty,app::tool::TwoButtonsView,,static.crs,5,1532,0,5,8,,52,MEDIUM,0x002F3234;0x002F077C;0x002F067C;0x002F0A14;0x002F0D84
c496b997f5b8,checker uncertainty,app::util::FileAccessor,,static.crs,5,812,0,5,8,,52,MEDIUM,0x00306E2C;0x00306D74;0x00306A2C;0x00306944;0x00306C8C
e8adf73e6f70,checker uncertainty,App::Tool::NewPaneList,,static.crs,5,1312,0,5,9,,51,MEDIUM,0x002CC474;0x002CDA60;0x002CB7E4;0x002CD9E8;0x002CC544
b7fc51f3dbf8,checker uncertainty,app::tool::PokeIcon,,static.crs,5,1048,0,5,9,,51,MEDIUM,0x003052D0;0x003051E8;0x002E9098;0x00305550;0x003054A8
c461a88ce461,ABI uncertainty,pml::personal,,static.crs,4,68,4,4,6,,51,MEDIUM,0x00315890;0x003159D0;0x0031587C;0x003158A4
227ac48fe9dd,checker uncertainty,NetLib::NijiNetworkSystem,,static.crs,7,532,0,7,7,,50,MEDIUM,0x00172FF8;0x003D25CC;0x003D1C7C;0x003D28E0;0x003D277C;0x003D2730;0x003D20E8
ea5ec1718ae9,checker uncertainty,Savedata::BattleInstSave,,static.crs,7,444,0,7,7,,50,MEDIUM,0x0043AFC0;0x0043B04C;0x004A6D70;0x004A6DD0;0x0043B008;0x0043B254;0x0043B0D8
58decbdcbeff,ABI uncertainty,NetAppLib::JoinFesta::JoinFestaPersonalData,,static.crs,4,108,4,4,8,,49,MEDIUM,0x00467F58;0x004AA760;0x004AAA60;0x004AAEDC
8419e644ea32,checker uncertainty,NetLib::Validation::PokemonValidation,,static.crs,5,888,0,5,11,,49,MEDIUM,0x003D0628;0x003D02DC;0x003D0484;0x003D0C84;0x003D05DC
69191828fd66,ABI uncertainty,NetLib::NijiNetworkSystem,,static.crs,6,180,6,6,10,,48,MEDIUM,0x003D18A0;0x003D184C;0x003D2604;0x003D2700;0x003D18D4;0x003D1978
650f3acd23ab,checker uncertainty,System::CTR::CountryNameCache,,static.crs,4,528,0,4,1,,48,MEDIUM,0x004A2FD4;0x004A2FBC;0x003E7B08;0x003E7834
b2312aca5910,checker uncertainty,nn::fs::detail::FileBase,,static.crs,4,552,0,4,2,,47,MEDIUM,0x0047555C;0x0016B8F0;0x0016BA20;0x0016B998
cae86a65f5c6,checker uncertainty,poke_3d::renderer::BloomRenderPath,,static.crs,5,1072,0,5,13,,47,MEDIUM,0x0041B098;0x00418840;0x0041AFF8;0x0041A84C;0x0041AEEC
bdef507f4eba,checker uncertainty,Field::EventWork,,static.crs,4,776,0,4,3,,46,MEDIUM,0x00399FD8;0x0039A0BC;0x0039A1B8;0x0039A580
014f476b36fe,checker uncertainty,Field::FieldSodateya,,static.crs,4,1400,0,4,3,,46,MEDIUM,0x003859E8;0x00385D08;0x00385DE4;0x00385AB8
98956206c9dc,checker uncertainty,NetLib::Wifi::WifiConnectRunner,,static.crs,4,548,0,4,3,,46,MEDIUM,0x003DABE4;0x003DA760;0x004A2CB8;0x003DAB98
f0d0e30dec16,checker uncertainty,app::tool::PokeSimpleModel,,static.crs,4,616,0,4,3,,46,MEDIUM,0x002F16F0;0x002F1080;0x002F1518;0x002F1184
763055ef4948,checker uncertainty,nn::nex::Message,,static.crs,4,516,0,4,3,,46,MEDIUM,0x002388EC;0x002389C4;0x00238900;0x00238B34
e7d3c995f7e7,checker uncertainty,nn::os::LightEvent,,static.crs,4,608,0,4,3,,46,MEDIUM,0x001082D0;0x00107590;0x00108304;0x001083E4
1ebb9f2c5645,checker uncertainty,App::Tool::CommonMessageWindowView,,static.crs,4,228,0,4,4,,45,MEDIUM,0x002D1DB0;0x004AC498;0x002D2270;0x002D2078
0404fda1a633,checker uncertainty,NetApp::QR::QRUtility,,static.crs,4,1648,0,4,4,,45,MEDIUM,0x003CDE90;0x003CDD58;0x003CD8A4;0x003CE008
870d8ac3cf97,checker uncertainty,NetAppLib::Util::PackFile,,static.crs,4,508,0,4,4,,45,MEDIUM,0x0045E624;0x0045E5B8;0x0045E664;0x0045E6D4
e53d3f1abb73,checker uncertainty,app::tool::PokeIconToolEx,,static.crs,4,1916,0,4,4,,45,MEDIUM,0x002EFB24;0x002EFA88;0x002EFFA8;0x002EFDC8
ddf08513a29d,checker uncertainty,app::util::ScrollBar,,static.crs,4,832,0,4,4,,45,MEDIUM,0x00311ECC;0x00311FA0;0x003120F4;0x00311F6C
c78ccea95ae4,checker uncertainty,gfl2::renderingengine::renderer::RenderingPipeLine,,static.crs,4,700,0,4,4,,45,MEDIUM,0x00337070;0x00336F30;0x00336004;0x00336F94
7df87e7ab09d,checker uncertainty,gfl2::renderingengine::scenegraph::instance::InstanceCreator,,static.crs,4,3452,0,4,4,,45,MEDIUM,0x00328118;0x00327748;0x003283F4;0x00327D5C
1db8b5393de7,checker uncertainty,nn::snd::CTR::Voice,,static.crs,4,304,0,4,4,,45,MEDIUM,0x0025F2A8;0x0025C1EC;0x0025F210;0x0025EF74
5ddd3c579af2,checker uncertainty,poke_3d::renderer::DistortionPostRenderPath,,static.crs,4,992,0,4,4,,45,MEDIUM,0x0041D038;0x0041D320;0x0041CE5C;0x0041D104
a7013d2f382d,checker uncertainty,App::Tool::ListMenu,,static.crs,4,860,0,4,5,,44,MEDIUM,0x002D3744;0x002D397C;0x002D2764;0x002D34C4
f0357edb8a17,checker uncertainty,AppLib::Tool::PokeCapAccesser,,static.crs,4,804,0,4,5,,44,MEDIUM,0x003C4394;0x003C42A0;0x003C4308;0x003C40B4
692b14b91470,checker uncertainty,poke_3d::model::PokemonModel,,static.crs,4,1016,0,4,5,,44,MEDIUM,0x004A54DC;0x0040F8FC;0x0040FA34;0x0040FE10
c70991d56944,checker uncertainty,NetAppLib::UI::NetAppPokePartyUtility,,static.crs,4,1240,0,4,6,,43,MEDIUM,0x0045A864;0x0045A224;0x0045A5C4;0x0045A888
31ee5b2d07a5,checker uncertainty,NetAppLib::UI::RegulationDrawInfo,,static.crs,4,460,0,4,6,,43,MEDIUM,0x00459CB8;0x00459E70;0x00459EC8;0x00459F24
bd8213b6d8ad,checker uncertainty,app::tool::ModelViewerSequence,,static.crs,4,2000,0,4,6,,43,MEDIUM,0x002FA82C;0x002FA018;0x002FA278;0x002FA504
be0e6f9c0072,checker uncertainty,gfl2::ro::RoManager,,static.crs,4,1320,0,4,6,,43,MEDIUM,0x00344C9C;0x00344740;0x00344888;0x0034497C
5368970dc5f4,checker uncertainty,nn::aacdec::CTR,,static.crs,4,1224,0,4,6,,43,MEDIUM,0x00279730;0x00279C08;0x00279428;0x002798C0
19c062d48e7c,checker uncertainty,App::Tool::CommonMessageWindowManipulator,,static.crs,4,528,0,4,7,,42,MEDIUM,0x002D230C;0x002D2344;0x002D2430;0x002D23EC
37eee5147a7c,checker uncertainty,std::messages<char>,,static.crs,4,164,0,4,7,,42,MEDIUM,0x0010417A;0x00104170;0x00103D56;0x001040E4
c82bfec18789,checker uncertainty,ExtSavedata::BattleRecorderSaveData,,static.crs,6,2052,0,6,5,,41,MEDIUM,0x0015C740;0x0015D390;0x0015D9CC;0x0015DAAC;0x0015DCCC;0x0015D640
a97f6471469c,ABI uncertainty,Field::Encount::PokeSet,,static.crs,3,92,3,3,3,,41,MEDIUM,0x00399380;0x003989A4;0x0049E864
07f27315346f,ABI uncertainty,Field::FieldBerryManager,,static.crs,3,108,3,3,3,,41,MEDIUM,0x0038E9E8;0x0049DCDC;0x0049DD50
f6d134807902,missing prototype,Global,,static.crs,2,76,2,2,0,,41,MEDIUM,0x0030181C;0x001551DC
e3106c359261,unknown this-pointer type,NetAppLib::JoinFesta::JoinFestaPersonalDataManager,,static.crs,3,104,3,3,3,,41,MEDIUM,0x004AB4B8;0x00473498;0x00472ED0
fb0124093e35,missing class declaration,Regulation,,static.crs,2,108,2,2,0,,41,MEDIUM,0x0015AFBC;0x00474E74
b2350073a477,missing class declaration,Savedata::Misc,,static.crs,2,44,2,2,0,,41,MEDIUM,0x004A7BE4;0x00441988
e579e5681096,missing class declaration,Savedata::MyItem,,static.crs,2,124,2,2,0,,41,MEDIUM,0x004A7FA8;0x004A80D8
656aed851043,missing class declaration,app::tool::AppToolTrainerIconRendering,,static.crs,2,148,2,2,0,,41,MEDIUM,0x002FD28C;0x002FD218
e9bcdf120cb8,unknown this-pointer type,app::tool::PokeSimpleModelInFrame,,static.crs,3,148,3,3,3,,41,MEDIUM,0x002FB3CC;0x002FB390;0x002FB474
3dfe3231d1fb,ABI uncertainty,gfl2::ui::VectorDevice,,static.crs,3,48,3,3,3,,41,MEDIUM,0x004983E8;0x0049868C;0x0049869C
19f2401e4e21,ABI uncertainty,gflnet2::p2p::NetGame,,static.crs,3,72,3,3,3,,41,MEDIUM,0x00407430;0x00407A9C;0x004070B0
5f8ab669cac7,unknown this-pointer type,poke_3d::model::CharaModelFactory,,static.crs,3,228,3,3,3,,41,MEDIUM,0x00412C64;0x004A4D28;0x004130B4
004c863a12d3,missing class declaration,print,,static.crs,2,32,2,2,0,,41,MEDIUM,0x003BE598;0x003BE5A8
856076fb826b,unknown this-pointer type,app::ui::UIView,,static.crs,3,80,3,3,4,,40,MEDIUM,0x0048D384;0x0048D398;0x002E78C4
7deca166fcb6,checker uncertainty,gfl2::fs::ArcFile,,static.crs,4,476,0,4,9,,40,MEDIUM,0x00497AF0;0x00497BE0;0x00497C70;0x00497BAC
27c93d6c4bf2,unknown this-pointer type,Field::MoveModel::FieldMoveModelPlayer,,static.crs,3,168,3,3,5,,39,MEDIUM,0x0049F478;0x003A13AC;0x003A0370
e073a5defecc,unknown this-pointer type,NetAppLib::Util::NetAppPokeModelUtility,,static.crs,3,184,3,3,5,,39,MEDIUM,0x0045C854;0x0045CE34;0x0045C458
6721aaf0cd8c,checker uncertainty,NetLib::P2P::NexRatingClient,,static.crs,4,1948,0,4,11,,38,MEDIUM,0x003D4808;0x003D4794;0x003D3B44;0x003D4034
e40b14beb36d,checker uncertainty,App::Tool::PokeIconTexPool,,static.crs,3,1256,0,3,1,,37,MEDIUM,0x002CF304;0x002CF158;0x002CF3F8
05276bf97b64,checker uncertainty,Field::EventMapJump,,static.crs,4,1704,0,4,12,,37,MEDIUM,0x00383F5C;0x00383DE8;0x003847BC;0x0038407C
f8552fb7c5ad,checker uncertainty,NetAppLib::JoinFestaUI::JoinFestaAttractionListManager,,static.crs,3,1436,0,3,1,,37,MEDIUM,0x00450770;0x004504D0;0x00450234
75205e9029c3,checker uncertainty,NetAppLib::JoinFestaUI::JoinFestaSurveyListManager,,static.crs,3,744,0,3,1,,37,MEDIUM,0x0044D0AC;0x0044CFA8;0x0044CDAC
8b3b520adaec,checker uncertainty,System::GflUse,,static.crs,4,368,0,4,12,,37,MEDIUM,0x0027B174;0x003EA424;0x003E9F7C;0x003E9F3C
aee0070544e3,checker uncertainty,gfl2::animation::DrawEnvAnimationController,,static.crs,3,1528,0,3,1,,37,MEDIUM,0x0036BDD4;0x0036AED4;0x0036BE9C
3ce70c06f798,checker uncertainty,std::locale,,static.crs,3,144,0,3,1,,37,MEDIUM,0x00103D1C;0x00302204;0x00103CB0
731db088e630,checker uncertainty,BSP_TRAINER_DATA,,static.crs,3,660,0,3,2,,36,MEDIUM,0x00160284;0x00475254;0x001604E4
494130f0deb6,checker uncertainty,PokeTool::KawaigariParamOptionCoreManager,,static.crs,3,524,0,3,2,,36,MEDIUM,0x00430C08;0x00430B80;0x00430AB0
b002ff3e1832,checker uncertainty,Savedata::Fashion,,static.crs,3,408,0,3,2,,36,MEDIUM,0x00442DDC;0x00442FFC;0x004433E8
18bb763d0857,checker uncertainty,Savedata::Misc,,static.crs,3,76,0,3,2,,36,MEDIUM,0x004415D8;0x004A7C54;0x00441740
534e39ba4057,checker uncertainty,app::tool::AppCommonGrpIconData,,static.crs,3,88,0,3,2,,36,MEDIUM,0x002F6860;0x002F6418;0x002FAB8C
1a5401b34130,checker uncertainty,gfl2::animation::AnimationController,,static.crs,3,1136,0,3,2,,36,MEDIUM,0x00366968;0x003669FC;0x00366730
5914b2cd000b,checker uncertainty,gfl2::devicecamera::DeviceCamera,,static.crs,3,1524,0,3,2,,36,MEDIUM,0x00320958;0x003202BC;0x003203D0
fb7f2e9cdf20,checker uncertainty,nn::nex::_DDL_GlobalTradeStationRecordKey,,static.crs,3,456,0,3,2,,36,MEDIUM,0x0022E7A4;0x0022E600;0x0022E6D8
823a5e17043d,checker uncertainty,Field::Encount::EncountWork,,static.crs,3,516,0,3,3,,35,MEDIUM,0x00396DE8;0x00396F68;0x00396D00
fe410cd11430,checker uncertainty,Field::EventList::EventListDataManager,,static.crs,3,736,0,3,3,,35,MEDIUM,0x0049EFC0;0x00399C80;0x00399B4C
0f33545ff83b,checker uncertainty,Field::MoveModel::FieldMoveCodeManager,,static.crs,3,180,0,3,3,,35,MEDIUM,0x0039FB3C;0x0039FB98;0x0039FBE8
5a283baae877,checker uncertainty,NetAppLib::GameSync::GameSyncRequestFacade,,static.crs,3,400,0,3,3,,35,MEDIUM,0x004618B8;0x004617A4;0x00461830
82ab9a2031cb,checker uncertainty,NetAppLib::Util::NetAppEntryChecker,,static.crs,3,44,0,3,3,,35,MEDIUM,0x0045C130;0x0045C23C;0x0045C2B8
fc3a1e29c792,checker uncertainty,PokeRegulation,,static.crs,3,532,0,3,3,,35,MEDIUM,0x0015F21C;0x0015ED24;0x0015F878
277b32ff7600,checker uncertainty,RegulationScriptChecker,,static.crs,3,580,0,3,3,,35,MEDIUM,0x00161168;0x00160C58;0x00161094
51bf665c8d8f,checker uncertainty,gfl2::str,,static.crs,3,476,0,3,3,,35,MEDIUM,0x00356834;0x00356550;0x003565E8
9825e7c1e710,checker uncertainty,std::collate<char>,,static.crs,3,226,0,3,3,,35,MEDIUM,0x0010405E;0x0010409E;0x00104000
512339f630bf,checker uncertainty,trainer::TrainerTypeData,,static.crs,3,288,0,3,3,,35,MEDIUM,0x0041E75C;0x0041E7D0;0x0041E894
15c667b98aee,checker uncertainty,App::Tool::TimeLimit,,static.crs,3,488,0,3,4,,34,MEDIUM,0x002D3FA0;0x002D4024;0x002D3EB0
d8777bcca480,checker uncertainty,FullPowerEffectRenderPath0,,static.crs,3,1208,0,3,4,,34,MEDIUM,0x001613D0;0x00161430;0x00162434
78c584400712,checker uncertainty,FullPowerEffectRenderPath1,,static.crs,3,1632,0,3,4,,34,MEDIUM,0x00161A04;0x00161AFC;0x00162864
f99737bb3d35,checker uncertainty,System::ModelRenderPath,,static.crs,3,1200,0,3,4,,34,MEDIUM,0x003E5560;0x003E5A5C;0x003E57B8
e703fd863d75,checker uncertainty,app::tool::AppToolHPGaugePartsLayout,,static.crs,3,728,0,3,4,,34,MEDIUM,0x002FBB80;0x002FB8F8;0x002FBC0C
8f7f79751675,checker uncertainty,app::tool::ItemIconToolEx,,static.crs,3,1284,0,3,4,,34,MEDIUM,0x002EF214;0x002EF4F8;0x002EF350
08d7f5439db1,checker uncertainty,gfl2::str::MsgData,,static.crs,3,936,0,3,4,,34,MEDIUM,0x003564A0;0x00356304;0x00355F6C
e09a9a13a206,checker uncertainty,Field::MoveModel::FieldMoveModelAreaCharaAccessor,,static.crs,3,324,0,3,5,,33,MEDIUM,0x0049FACC;0x0049FA08;0x003A841C
1d085831e88a,checker uncertainty,NetAppLib::JoinFesta::JoinFestaAttractionUtil,,static.crs,3,4748,0,3,5,,33,MEDIUM,0x0046D1D4;0x0046D240;0x0046DAA0
139c5a7a587e,checker uncertainty,NetAppLib::JoinFesta::JoinFestaPacketManager,,static.crs,3,460,0,3,5,,33,MEDIUM,0x0046AB2C;0x0046AA40;0x0046AD6C
c6368b357871,checker uncertainty,gfl2::Effect::System,,static.crs,3,608,0,3,5,,33,MEDIUM,0x0035DFB4;0x0029AE08;0x0035E0E8
cb836d5445da,checker uncertainty,gfl2::renderingengine::scenegraph::resource::ArrayResourceNode,,static.crs,3,684,0,3,5,,33,MEDIUM,0x0032E630;0x0032E4CC;0x0032E31C
4f5d138875a2,checker uncertainty,nn::math,,static.crs,3,324,0,3,5,,33,MEDIUM,0x00277364;0x002773C0;0x00276D40
39236cbbf00e,checker uncertainty,NetLib::Delivery::DeliveryManager,,static.crs,3,1240,0,3,6,,32,MEDIUM,0x003E0C68;0x003E0ACC;0x003E0848
3357772ecd62,checker uncertainty,NetLib::P2P::P2pPacketTransfer,,static.crs,3,2248,0,3,6,,32,MEDIUM,0x003D5DBC;0x003D4AD4;0x003D4DFC
0eeb2663403d,checker uncertainty,app::tool::FingerCursor,,static.crs,3,272,0,3,6,,32,MEDIUM,0x002EBA80;0x0030F5B4;0x002EB8F4
51a04360abd5,checker uncertainty,mw::qre::QREncoder,,static.crs,3,776,0,3,6,,32,MEDIUM,0x00163B3C;0x00163B30;0x00163AD0
84f2dc1e5612,checker uncertainty,NetLib::Pgl::PGLConnector,,static.crs,3,872,0,3,7,,31,MEDIUM,0x003D83AC;0x003D9468;0x003D7730
e4f52acf6ab9,checker uncertainty,app::util,,static.crs,3,328,0,3,8,,30,MEDIUM,0x003073A8;0x0030E3C4;0x0030732C
c4f58ed00877,checker uncertainty,app::util::Heap,,static.crs,3,260,0,3,8,,30,MEDIUM,0x0030F384;0x0030F280;0x0030F4A4
01f15c3681d5,ABI uncertainty,NetAppLib::Util::NetAppEffectBG,,static.crs,2,36,2,2,2,,29,LOW,0x003EF088;0x0045B6DC
15355509903f,ABI uncertainty,NetAppLib::Util::NetAppEntryChecker,,static.crs,2,28,2,2,2,,29,LOW,0x0045C160;0x0045C1DC
7e55a1102063,ABI uncertainty,Savedata::MysteryGiftSave,,static.crs,2,36,2,2,2,,29,LOW,0x0043BD3C;0x0043D140
0299bf43f871,checker uncertainty,gflnet2::nex::NexDataStoreClient,,static.crs,3,564,0,3,9,,29,LOW,0x003FB084;0x003FAF84;0x003FAEA4
a0de9e463f29,unknown this-pointer type,print::HangulComposer,,static.crs,2,56,2,2,2,,29,LOW,0x004A1B34;0x003BF9FC
4265b7118d2d,missing class declaration,Field::Area,,static.crs,1,44,1,1,0,,28,LOW,0x00394BA8
848029278931,missing class declaration,Field::MoveModel::FieldMoveModel,,static.crs,1,24,1,1,0,,28,LOW,0x0039DD88
5b0c254f44ff,missing class declaration,FullPowerEffectRenderPath1,,static.crs,1,88,1,1,0,,28,LOW,0x00162254
d0724605c264,missing class declaration,NetLib::Delivery::DeliveryManager,,static.crs,1,16,1,1,0,,28,LOW,0x003E0794
41bcdb425bad,checker uncertainty,NetLib::Error::NijiNetworkError,,static.crs,5,1448,0,5,7,,28,LOW,0x003DE460;0x003DE6E8;0x003DE5C4;0x003DE928;0x003DEB70
6ff84b2b0bec,ABI uncertainty,NetLib::Error::NijiNetworkErrorManager,,static.crs,4,100,4,4,4,,28,LOW,0x003DF544;0x003DF550;0x003DF55C;0x003DF504
b1afd1c10153,missing class declaration,Savedata::Fashion,,static.crs,1,32,1,1,0,,28,LOW,0x004433C0
c96e939ef19c,missing class declaration,Savedata::GtsData,,static.crs,1,24,1,1,0,,28,LOW,0x00443480
070a91161fb3,unknown this-pointer type,Savedata::Misc,,static.crs,2,76,2,2,3,,28,LOW,0x00441920;0x00441940
b3fc3fa47d83,missing class declaration,Savedata::MysteryGiftSave::MYSTERY_GIFT_RECV_DATA,,static.crs,1,64,1,1,0,,28,LOW,0x0043CF9C
1f8c315195b3,missing class declaration,app::tool::CharaSimpleModel,,static.crs,1,76,1,1,0,,28,LOW,0x004A4364
fb83f9c05bc2,missing class declaration,app::tool::CursorManager,,static.crs,1,28,1,1,0,,28,LOW,0x002EE594
f3d796a0d078,missing class declaration,app::tool::PaneList,,static.crs,1,24,1,1,0,,28,LOW,0x0048E65C
9f40b4813239,unknown this-pointer type,app::tool::PaneList,,static.crs,2,100,2,2,3,,28,LOW,0x0030404C;0x00304BC4
94cbce22e058,missing class declaration,app::util::GetPaneHelper,,static.crs,1,52,1,1,0,,28,LOW,0x0049967C
c94fce1ac7d8,missing class declaration,gfl2::renderingengine::scenegraph::resource::TextureResourceNodeFactory,,static.crs,1,8,1,1,0,,28,LOW,0x00332158
62c8208f3f2e,missing class declaration,gfl2::str,,static.crs,1,28,1,1,0,,28,LOW,0x003541A4
7f856098a5a6,missing class declaration,mw::qre::QREncoder,,static.crs,1,64,1,1,0,,28,LOW,0x00163ADC
2e11b3394f49,missing class declaration,pml::personal,,static.crs,1,12,1,1,0,,28,LOW,0x003162C8
01f287f4e8af,missing class declaration,poke_3d::model::BaseCamera,,static.crs,1,16,1,1,0,,28,LOW,0x004A3F04
7bfa7b755612,unknown this-pointer type,BattleInst::BattleInst,,static.crs,4,228,4,4,5,,27,LOW,0x001585FC;0x001577C0;0x00159598;0x00159E38
56ec1e149037,unknown this-pointer type,Field::FieldScript::FieldScriptSystem,,static.crs,2,24,2,2,4,,27,LOW,0x0038100C;0x00381038
2d5b1a0cd97e,checker uncertainty,NetAppLib::Util::NetAppTimeout,,static.crs,2,244,0,2,0,,27,LOW,0x0045B314;0x0045B39C
e3cbdabccb0a,checker uncertainty,Savedata::GameSyncSave,,static.crs,2,316,0,2,0,,27,LOW,0x0043A400;0x004A6CB4
cf5d580eb1b5,ABI uncertainty,System::GflUse,,static.crs,2,64,2,2,4,,27,LOW,0x003EA2C4;0x003EA468
5c3eb96298e3,unknown this-pointer type,app::tool::AppToolTrainerIconRendering,,static.crs,2,92,2,2,4,,27,LOW,0x002FD580;0x002FD954
a84f28cb3f57,checker uncertainty,nn::nex::StringStream,,static.crs,2,204,0,2,0,,27,LOW,0x0018DB8C;0x0018DE4C
d60d8b682fe6,checker uncertainty,App::Event::ShopBuyEvent,,static.crs,3,124,0,3,12,,26,LOW,0x002D464C;0x002D4634;0x002D4778
87e5e4e69050,checker uncertainty,GameSys::TimeZone,,static.crs,2,124,0,2,1,,26,LOW,0x003F3C80;0x003F3C4C
38b32334445d,checker uncertainty,NetAppLib::JoinFestaUI::JoinFestaRankingListManager,,static.crs,2,368,0,2,1,,26,LOW,0x0044D5FC;0x0044D1E8
999fb524b270,checker uncertainty,NetAppLib::JoinFestaUI::JoinFestaRecordDetailLowerView,,static.crs,2,760,0,2,1,,26,LOW,0x00450A94;0x00450E10
35d92010ef07,checker uncertainty,app::tool::CursorManager,,static.crs,2,252,0,2,1,,26,LOW,0x002EE47C;0x002EE7B0
4f4e573aa547,checker uncertainty,app::tool::ScrollPaneManager,,static.crs,2,1200,0,2,1,,26,LOW,0x0048E3F8;0x002F603C
b3da1a68adb0,checker uncertainty,gfl2::cx,,static.crs,2,292,0,2,1,,26,LOW,0x00166300;0x00339A20
79f4eed01edd,checker uncertainty,gfl2::renderingengine::renderer::DrawManager,,static.crs,2,2356,0,2,1,,26,LOW,0x0033443C;0x003347B8
74a787bfcb8a,checker uncertainty,gfl2::util::UtilTextRenderPath,,static.crs,2,376,0,2,1,,26,LOW,0x0035B71C;0x0035B58C
af04b662e1f2,checker uncertainty,nn::nex::Buffer,,static.crs,2,212,0,2,1,,26,LOW,0x00234408;0x00234B88
2db642366aaa,checker uncertainty,nn::nex::_DDL_GlobalTradeStationTradeKey,,static.crs,2,420,0,2,1,,26,LOW,0x0022AA9C;0x0022AB74
75799e37398d,checker uncertainty,pml::pokepara::EvolveManager,,static.crs,2,260,0,2,1,,26,LOW,0x004902BC;0x00318034
65c3f602fc28,checker uncertainty,std::__rw_exception,,static.crs,2,26,0,2,1,,26,LOW,0x00103340;0x00103B18
b91fd2f70e53,checker uncertainty,std::__rw_open_cat_data,,static.crs,2,44,0,2,1,,26,LOW,0x00302D84;0x00103B64
2c0ecfc98377,checker uncertainty,NetApp::Util::ConvertUtility,,static.crs,2,868,0,2,2,,25,LOW,0x003CFD74;0x003CFF50
dd5e93b1661a,checker uncertainty,NetAppLib::JoinFesta::JoinFestaPacketUtil,,static.crs,2,44,0,2,2,,25,LOW,0x00465DD0;0x00465FEC
b5888c28c603,checker uncertainty,NetAppLib::JoinFesta::JoinFestaSelectWordTable,,static.crs,2,440,0,2,2,,25,LOW,0x004700E0;0x004701A0
469f3975d763,checker uncertainty,NetAppLib::JoinFestaUI::JoinFestaRankingLowerView,,static.crs,2,680,0,2,2,,25,LOW,0x0044A708;0x0044A7FC
d67e911f195a,checker uncertainty,NetAppLib::JoinFestaUI::JoinFestaRecordRankingManager,,static.crs,2,4972,0,2,2,,25,LOW,0x0044F5BC;0x0044DC9C
9c4d1b224db3,checker uncertainty,NetAppLib::JoinFestaUI::JoinFestaRecordSelectLowerView,,static.crs,2,624,0,2,2,,25,LOW,0x00451728;0x00451860
56da4a7d7b6a,checker uncertainty,NetAppLib::System::NetAppFrameBase,,static.crs,2,340,0,2,2,,25,LOW,0x0045E974;0x0045E87C
23abad4fdc5a,checker uncertainty,NetAppLib::Util::NetAppPokeModelUtility,,static.crs,2,276,0,2,2,,25,LOW,0x0045C7B8;0x0045C8D0
3ac23e8cb80a,checker uncertainty,PokeTool::PokePlace,,static.crs,2,956,0,2,2,,25,LOW,0x004365E8;0x004363D4
b193e7484e8d,checker uncertainty,System::CTR::RegionNameCache,,static.crs,2,444,0,2,2,,25,LOW,0x003E7638;0x004A2EFC
63eb1f215488,checker uncertainty,__rw::__rw_locale_imp,,static.crs,2,396,0,2,2,,25,LOW,0x001031CC;0x003027FC
8436b388ebf0,checker uncertainty,app::tool::AppToolGaugePartsLayout,,static.crs,2,312,0,2,2,,25,LOW,0x002FB73C;0x0030FD30
2f22b54e4419,checker uncertainty,applib::frame::Manager,,static.crs,2,896,0,2,2,,25,LOW,0x003EDD04;0x003EDD58
617c834dc52a,checker uncertainty,gfl2::collision::CollisionModel,,static.crs,2,1868,0,2,2,,25,LOW,0x0036CBA8;0x0036C140
d715efbcd272,checker uncertainty,gfl2::heap,,static.crs,2,228,0,2,2,,25,LOW,0x001089D0;0x00358090
3386be2329e7,checker uncertainty,gfl2::math::Random,,static.crs,2,396,0,2,2,,25,LOW,0x00359000;0x00358FDC
f3d76cea12f1,checker uncertainty,gfl2::renderingengine::scenegraph::SceneGraphManager,,static.crs,2,1052,0,2,2,,25,LOW,0x0032315C;0x00323B7C
3379c85db4dc,checker uncertainty,gfl2::renderingengine::scenegraph::instance::CullingObjectNode,,static.crs,2,568,0,2,2,,25,LOW,0x00328A98;0x00328A70
4888ba67eb58,checker uncertainty,gfl2::renderingengine::scenegraph::instance::TransformNode,,static.crs,2,488,0,2,2,,25,LOW,0x003274B4;0x00327530
a691252bb88d,checker uncertainty,gflnet2::nex::NexManager,,static.crs,2,728,0,2,2,,25,LOW,0x003F79DC;0x003F84E0
a8b0001c4044,checker uncertainty,nn::nex::MemoryManager,,static.crs,2,104,0,2,2,,25,LOW,0x00190D74;0x00190D9C
d0ec56d6bf54,checker uncertainty,nn::os::StackMemoryBlock,,static.crs,2,104,0,2,2,,25,LOW,0x00170CF8;0x00170CA0
8f1280c58f9c,checker uncertainty,nw::eft::EmitterSet,,static.crs,2,648,0,2,2,,25,LOW,0x0028837C;0x00288508
951c0f8cc13b,checker uncertainty,Field::FieldScript::ScriptTrialModel,,static.crs,2,196,0,2,3,,24,LOW,0x0037F360;0x0037F2FC
e6268b385b6f,checker uncertainty,Field::MoveModel::FieldActionCommandManager,,static.crs,2,340,0,2,3,,24,LOW,0x003A64E0;0x003A5EB8
ffdc046b05d0,checker uncertainty,Field::MoveModel::FieldMoveModelShadowManager,,static.crs,2,5156,0,2,3,,24,LOW,0x003A827C;0x003A6E30
a7e7f9624dd3,checker uncertainty,NetAppLib::JoinFestaUI::JoinFestaAttractionData,,static.crs,2,136,0,2,3,,24,LOW,0x004490B0;0x00449044
da5700f14a56,checker uncertainty,PokeTool,,static.crs,2,380,0,2,3,,24,LOW,0x0043038C;0x0042A970
fb60dc75928c,checker uncertainty,app::tool::IconObject,,static.crs,2,548,0,2,3,,24,LOW,0x002E8AA8;0x002E88F0
248b1094c3a7,checker uncertainty,gfl2::imagedb::ImageDBAccessor,,static.crs,2,988,0,2,3,,24,LOW,0x003B9514;0x0035F554
31976e3bafb1,checker uncertainty,gfl2::renderingengine::renderer::util::MakeBlurImagePath,,static.crs,2,900,0,2,3,,24,LOW,0x003387D0;0x00337FAC
59b980a89319,checker uncertainty,gfl2::renderingengine::renderer::util::StretchBltFrameBufferPath,,static.crs,2,584,0,2,3,,24,LOW,0x00338F60;0x00339414
6c27c4b5bd27,checker uncertainty,print::MessageWindow,,static.crs,2,592,0,2,3,,24,LOW,0x003BE9C4;0x003BF1E8
f2869a7031a5,checker uncertainty,Field::PokemonSearch::DataAccessor,,static.crs,2,348,0,2,4,,23,LOW,0x003861CC;0x0049D22C
73f2ec319fbe,checker uncertainty,NetAppLib::JoinFestaUI::JoinFestaAttractionSelectLowerView,,static.crs,2,328,0,2,4,,23,LOW,0x00452660;0x00452AA8
8226a75f5105,checker uncertainty,NetAppLib::System::ResourceManager,,static.crs,2,484,0,2,4,,23,LOW,0x0045EF08;0x0045ED6C
0c586ca2cedb,checker uncertainty,NetAppLib::UI::NetAppMessageMenu,,static.crs,2,144,0,2,4,,23,LOW,0x002CEBFC;0x00459BCC
62b9ffc203ea,checker uncertainty,NetAppLib::UI::NetAppRegulationUpperView,,static.crs,2,1608,0,2,4,,23,LOW,0x0045AF28;0x0045A940
2fcd67b03dcb,checker uncertainty,app::tool::ScrollBar,,static.crs,2,252,0,2,4,,23,LOW,0x003056E0;0x00305774
5784ab6b2ffd,checker uncertainty,gflnet2::ServerClient::ServerClientRequestManager,,static.crs,2,1032,0,2,4,,23,LOW,0x003F4C00;0x003F512C
b6359f1fb6a1,ABI uncertainty,mw::qre::QREncoder,,static.crs,2,32,2,2,8,,23,LOW,0x00163B24;0x00163AB4
4759eb4fb7b9,checker uncertainty,PokeTool::PersonalSort,,static.crs,2,280,0,2,5,,22,LOW,0x0042D234;0x0042D364
0928bf54127f,shared header change required,Savedata::Sodateya,,static.crs,1,20,1,1,0,,18,LOW,0x00444A78
3e57ae1a7ce5,unknown this-pointer type,App::PokeList::IntermediateData,,static.crs,1,52,1,1,1,,17,LOW,0x002E0CB8
e644e5ca570f,unknown this-pointer type,App::Tool::SlideScroll,,static.crs,1,68,1,1,1,,17,LOW,0x002CDEEC
d6953e8faf17,ABI uncertainty,Field::MoveModel::FieldMoveModelManager,,static.crs,1,24,1,1,1,,17,LOW,0x003A5210
b36b28f764fb,unknown this-pointer type,NetApp::Evolution::APP_PARAM,,static.crs,1,20,1,1,1,,17,LOW,0x0031D9B0
45463e2937a9,unknown this-pointer type,NetApp::Live::LiveNet,,static.crs,1,48,1,1,1,,17,LOW,0x0049396C
3c977ec92f47,ABI uncertainty,NetApp::QR,,static.crs,1,8,1,1,1,,17,LOW,0x003CD0E8
2fd929563ca4,ABI uncertainty,NetAppLib::JoinFesta::JoinFestaFacilitiesUtil,,static.crs,1,36,1,1,1,,17,LOW,0x0046F728
505534ac0102,ABI uncertainty,NetAppLib::JoinFesta::JoinFestaPacketUtil,,static.crs,1,16,1,1,1,,17,LOW,0x00465F24
24646ccef846,ABI uncertainty,NetAppLib::JoinFesta::JoinFestaPersonalDataManager,,static.crs,1,12,1,1,1,,17,LOW,0x00473A20
b27da4ccb9e2,ABI uncertainty,NetAppLib::JoinFesta::JoinFestaPersonalEvent,,static.crs,1,8,1,1,1,,17,LOW,0x0046B248
c42e36d28875,ABI uncertainty,NetAppLib::JoinFestaUI::JoinFestaRecordListManager,,static.crs,1,20,1,1,1,,17,LOW,0x0044C5B8
36295dea0b7f,unknown this-pointer type,NetAppLib::UI::NetAppRegulationUpperView,,static.crs,1,4,1,1,1,,17,LOW,0x0045B0A0
9cebb0836b4c,ABI uncertainty,NetAppLib::Util::NetAppCommonSaveUtility,,static.crs,1,12,1,1,1,,17,LOW,0x0043E994
a3ad9ba5a96f,unknown this-pointer type,NetLib::P2P::P2pConnectionManager,,static.crs,1,20,1,1,1,,17,LOW,0x004A2C88
9f39b845e6e3,ABI uncertainty,PokeDiary,,static.crs,1,28,1,1,1,,17,LOW,0x0047431C
1024071d8069,ABI uncertainty,PokeTool,,static.crs,1,92,1,1,1,,17,LOW,0x00430498
40ce8b817c38,ABI uncertainty,PokeTool::PokeGetUtil,,static.crs,1,12,1,1,1,,17,LOW,0x0042BB20
f7b39151b00b,unknown this-pointer type,PokeTool::PokeModel,,static.crs,1,24,1,1,1,,17,LOW,0x00434E30
3c9d83e34871,unknown this-pointer type,PokeTool::PokeModelSystem,,static.crs,1,88,1,1,1,,17,LOW,0x0042FFC4
5c0876818e46,ABI uncertainty,PokeTool::nakayoshi,,static.crs,1,40,1,1,1,,17,LOW,0x00436A24
b4dcea964cbb,unknown this-pointer type,System::Skybox::Skybox,,static.crs,1,36,1,1,1,,17,LOW,0x003EB7D8
a1f5eddb7c1c,unknown this-pointer type,app::tool::AppToolTrainerIconRendering::ICON_OBJECT_DATA,,static.crs,1,32,1,1,1,,17,LOW,0x002FCE64
323c453c466b,ABI uncertainty,app::tool::FingerCursor,,static.crs,1,32,1,1,1,,17,LOW,0x002EB9C8
9ef04bb04ad7,ABI uncertainty,app::tool::ItemIcon,,static.crs,1,40,1,1,1,,17,LOW,0x002FF798
10a48e6a9425,ABI uncertainty,app::util,,static.crs,1,64,1,1,1,,17,LOW,0x0030D06C
9a7ceafa8983,unknown this-pointer type,gfl2::Effect::System,,static.crs,1,16,1,1,1,,17,LOW,0x0035DF68
de9d382a1419,ABI uncertainty,gfl2::heap,,static.crs,1,8,1,1,1,,17,LOW,0x00358160
40da0411a4f0,unknown this-pointer type,gfl2::renderingengine::renderer::util::MakeReductionImagePath,,static.crs,1,76,1,1,1,,17,LOW,0x00338E9C
760ba87d27a8,unknown this-pointer type,gfl2::renderingengine::scenegraph::resource::GfBinaryMdlData,,static.crs,1,24,1,1,1,,17,LOW,0x0032C994
9f1c7e76b39c,unknown this-pointer type,gfl2::renderingengine::scenegraph::resource::GfBinaryShdData,,static.crs,1,24,1,1,1,,17,LOW,0x0032CC98
0653174fb82b,unknown this-pointer type,mw::qrd::QRDecoder,,static.crs,1,80,1,1,1,,17,LOW,0x00163374
7515cfbdd10f,unknown this-pointer type,nw::eft::EmitterSet,,static.crs,1,16,1,1,1,,17,LOW,0x0029AF30
a71341cfb6f8,ABI uncertainty,pml::PokeParty,,static.crs,1,8,1,1,1,,17,LOW,0x0031F154
dd8c78302eda,unknown this-pointer type,"std::codecvt<wchar_t,char,std::__mbstate_t>",,static.crs,1,12,1,1,1,,17,LOW,0x0010383C
818109735a2b,unknown this-pointer type,std::collate_byname<char>,,static.crs,1,12,1,1,1,,17,LOW,0x00103B3E
f6167775b052,ABI uncertainty,App::FieldMenu::PlayData,,static.crs,1,8,1,1,2,,16,LOW,0x002E65B8
77255679c641,checker uncertainty,App::Tool::PokeIconTexData,,static.crs,1,124,0,1,0,,16,LOW,0x002CEFBC
bdc4caf8ba8b,ABI uncertainty,Field::Attribute,,static.crs,1,12,1,1,2,,16,LOW,0x0039993C
fb7f7a6dfc44,unknown this-pointer type,Field::EventFieldQuickMatch,,static.crs,1,36,1,1,2,,16,LOW,0x003931CC
35be2798d536,checker uncertainty,Field::EventFishingAction,,static.crs,1,232,0,1,0,,16,LOW,0x0038EE80
e92c2d185a89,checker uncertainty,Field::EventList::EventListData,,static.crs,1,244,0,1,0,,16,LOW,0x0049EE54
49bb47dea23a,ABI uncertainty,GameSys::GameEventManager,,static.crs,1,8,1,1,2,,16,LOW,0x003F0BB8
6cdd111dc744,missing class declaration,NetAppLib::BattleVideoPlayer::VideoDataManager,,static.crs,2,92,2,2,0,,16,LOW,0x00456734;0x00457CA8
5e85eb344644,unknown this-pointer type,NetAppLib::BattleVideoPlayer::VideoDataManager,,static.crs,3,280,3,3,3,,16,LOW,0x00457F38;0x00458294;0x004568D4
832483c54802,checker uncertainty,NetAppLib::JoinFestaUI::JoinFestaAlertLowerView,,static.crs,1,452,0,1,0,,16,LOW,0x00448D74
284d675e1912,ABI uncertainty,NetAppLib::UI::RegulationDrawInfo,,static.crs,1,32,1,1,2,,16,LOW,0x00459C98
ca4665b030b9,checker uncertainty,NetAppLib::Util::NetAppTrainerIconUtility,,static.crs,1,60,0,1,0,,16,LOW,0x0045DC1C
c3c64e42e562,unknown this-pointer type,NetEvent::FatalError::FatalErrorEvent,,static.crs,1,28,1,1,2,,16,LOW,0x0041FD00
1860bf001550,unknown this-pointer type,NetLib::Error::NijiNetworkErrorManager,,static.crs,3,36,3,3,3,,16,LOW,0x003DF4F8;0x003DF580;0x003DF5E0
f8d3397e7f0b,checker uncertainty,PokeTool::KawaigariParamCareCoreManager,,static.crs,1,132,0,1,0,,16,LOW,0x0043092C
e50b69a9aee2,unknown this-pointer type,Savedata::MysteryGiftSave,,static.crs,1,20,1,1,2,,16,LOW,0x0043B958
ead4c79d2328,checker uncertainty,System::Camera::InFrameCamera,,static.crs,1,200,0,1,0,,16,LOW,0x003E7F18
f75f19351950,checker uncertainty,System::DressUpParamSaveData,,static.crs,1,900,0,1,0,,16,LOW,0x003E6440
26298b9d2fbf,checker uncertainty,__rw::__rw_collate_data<char>,,static.crs,1,58,0,1,0,,16,LOW,0x00302D96
3a51cf3e2d16,checker uncertainty,__rw::__rw_locale_vector<__rw::__rw_cat*>,,static.crs,1,14,0,1,0,,16,LOW,0x00103F56
3665a1477e9d,checker uncertainty,__rw::__rw_locale_vector<std::__rw_open_cat_data>,,static.crs,1,120,0,1,0,,16,LOW,0x00103F6C
d103b7302723,checker uncertainty,__rw::__rw_use_c_lib_locale,,static.crs,1,26,0,1,0,,16,LOW,0x00301FD0
77af80417f8f,unknown this-pointer type,app::tool::CharaSimpleModel,,static.crs,1,56,1,1,2,,16,LOW,0x002F23BC
cc3ca0d14742,checker uncertainty,app::util::AppCountryRegionNameUtility,,static.crs,1,188,0,1,0,,16,LOW,0x0030DC68
1833613294e7,ABI uncertainty,gfl2::Effect::System,,static.crs,1,16,1,1,2,,16,LOW,0x0035E0D8
143ad44095d9,checker uncertainty,gfl2::core::Utility,,static.crs,1,4,0,1,0,,16,LOW,0x001173DC
9cf0e7030fa8,checker uncertainty,gfl2::lyt::LytSys,,static.crs,1,128,0,1,0,,16,LOW,0x00352930
eb14e9a0b32a,checker uncertainty,gfl2::math::Crc,,static.crs,1,180,0,1,0,,16,LOW,0x00358E40
1f6f3d3a037e,checker uncertainty,gfl2::proc::Manager,,static.crs,1,396,0,1,0,,16,LOW,0x0035A91C
e83208667a99,unknown this-pointer type,gfl2::str::MsgData,,static.crs,1,100,1,1,2,,16,LOW,0x00356298
4ff99467e8f6,ABI uncertainty,gfl2::system::Date,,static.crs,1,88,1,1,2,,16,LOW,0x0035E890
2427a75880fa,ABI uncertainty,gflnet2::ServerClient::ServerClientRequestManager,,static.crs,1,48,1,1,2,,16,LOW,0x003F4A68
4876d54a5e7f,checker uncertainty,gflnet2::nex::NexError,,static.crs,1,4,0,1,0,,16,LOW,0x001D1E58
bf1215a5a4cb,checker uncertainty,nn::nex,,static.crs,1,260,0,1,0,,16,LOW,0x00248FC4
829abc2d1e3f,checker uncertainty,nn::nex::_DDL_DataStoreChangeMetaCompareParam,,static.crs,1,160,0,1,0,,16,LOW,0x0022F9CC
1f72d4dfded4,checker uncertainty,nn::nex::_DDL_DataStoreChangeMetaParam,,static.crs,1,356,0,1,0,,16,LOW,0x0022507C
7346123b9d92,checker uncertainty,nn::nex::_DDL_DataStorePermission,,static.crs,1,44,0,1,0,,16,LOW,0x00214AAC
7d1c82f7f54d,checker uncertainty,nn::nex::qBuffer,,static.crs,1,176,0,1,0,,16,LOW,0x00240A2C
49c263c46fd1,checker uncertainty,nn::os::CTR::detail,,static.crs,1,104,0,1,0,,16,LOW,0x00107750
3e15e37b8818,ABI uncertainty,nw::lyt::Layout,,static.crs,1,12,1,1,2,,16,LOW,0x002A5DD4
50936fc2bb4f,checker uncertainty,nw::lyt::Pane,,static.crs,1,304,0,1,0,,16,LOW,0x002A17B8
ed276999316d,checker uncertainty,nw::lyt::Picture,,static.crs,1,212,0,1,0,,16,LOW,0x002A7CC8
1359452222df,checker uncertainty,print::ItemMessage,,static.crs,1,64,0,1,0,,16,LOW,0x003BE618
2300a1662475,checker uncertainty,trainer::TrainerMessage,,static.crs,1,396,0,1,0,,16,LOW,0x0041DC54
09093043963f,checker uncertainty,App::FieldMenu::PlayData,,static.crs,1,8,0,1,1,,15,LOW,0x002E6644
7eb4209aa8b5,checker uncertainty,App::PokeList::PokeListBaseFrame,,static.crs,1,216,0,1,1,,15,LOW,0x002E14F8
3adf8ec55146,checker uncertainty,Field::EventAddPokemon,,static.crs,1,168,0,1,1,,15,LOW,0x00389F1C
2c18a352c050,checker uncertainty,Field::FieldScript::FuncSetFieldInit,,static.crs,1,392,0,1,1,,15,LOW,0x0037E084
d566137d2518,checker uncertainty,Field::FieldScript::ScriptMoveModelManager,,static.crs,1,140,0,1,1,,15,LOW,0x00383010
17e8883b7618,checker uncertainty,Field::WarpDataTools,,static.crs,1,212,0,1,1,,15,LOW,0x003874F8
4fa123f35276,checker uncertainty,GameSys::AlolaTime,,static.crs,1,112,0,1,1,,15,LOW,0x003F4208
1240dbc70b70,checker uncertainty,GameSys::GameEventManager,,static.crs,1,92,0,1,1,,15,LOW,0x003F0A54
a9e56e2996d5,checker uncertainty,NetApp::QR,,static.crs,1,76,0,1,1,,15,LOW,0x003CD068
156f69e3a69a,checker uncertainty,NetAppLib::JoinFestaUI::JoinFestaPlayerListMessageMenuLowerView,,static.crs,1,160,0,1,1,,15,LOW,0x002CE108
1d913366d4d4,checker uncertainty,NetAppLib::UI::NetAppCommonMessageWindowManipulator,,static.crs,1,20,0,1,1,,15,LOW,0x0045B0A4
151cd58aa83b,checker uncertainty,NetAppLib::UI::NetAppMenuCursor,,static.crs,1,28,0,1,1,,15,LOW,0x004AA58C
59a0220dbd8f,checker uncertainty,NetAppLib::UI::NetAppQRTexture,,static.crs,1,16,0,1,1,,15,LOW,0x002F9ACC
a5e6d699d004,checker uncertainty,NetEvent::JoinFestaCloseEvent,,static.crs,1,20,0,1,1,,15,LOW,0x004254FC
98b6b33c8313,checker uncertainty,NetLib::Wifi,,static.crs,1,572,0,1,1,,15,LOW,0x003DAD64
5c301427d234,checker uncertainty,PokeTool::PresentPokemon,,static.crs,1,276,0,1,1,,15,LOW,0x0042E17C
3e229d6b33d8,checker uncertainty,PokeTool::RemaindSkill,,static.crs,1,56,0,1,1,,15,LOW,0x004A6B00
d02fcee1dcdf,checker uncertainty,PokeTool::form,,static.crs,1,236,0,1,1,,15,LOW,0x00431088
3ea00974f838,checker uncertainty,Regulation,,static.crs,1,172,0,1,1,,15,LOW,0x0015AEB0
f2ef3f4ddb97,checker uncertainty,Savedata::ConfigSave,,static.crs,1,384,0,1,1,,15,LOW,0x00346A88
67fa4d41c524,checker uncertainty,__rw::__rw_facet_maker<std::ctype<char>>,,static.crs,1,72,0,1,1,,15,LOW,0x00103F00
44f020b103d7,checker uncertainty,app::sort::StringBinary,,static.crs,1,300,0,1,1,,15,LOW,0x002E839C
582649f7f3d4,checker uncertainty,app::tool::AppToolBaseGrpFont,,static.crs,1,460,0,1,1,,15,LOW,0x002F6578
b01fb249b6c7,checker uncertainty,app::tool::AppToolTrainerIconRendering::ICON_OBJECT_DATA,,static.crs,1,168,0,1,1,,15,LOW,0x002FCE84
5d0c0cf30cb9,checker uncertainty,app::tool::Gauge,,static.crs,1,124,0,1,1,,15,LOW,0x002FF030
23b5cbb1193b,checker uncertainty,app::tool::ItemIcon,,static.crs,1,100,0,1,1,,15,LOW,0x002FF8F4
d2d42be86f80,checker uncertainty,app::tool::ResourceLoader,,static.crs,1,340,0,1,1,,15,LOW,0x002F0260
a2838eec4ea3,checker uncertainty,app::util::AppCamera,,static.crs,1,660,0,1,1,,15,LOW,0x00311A68
9d1fc3c1b203,checker uncertainty,app::util::AppDemoUtilityHelper,,static.crs,1,24,0,1,1,,15,LOW,0x0030CA14
28a43d2fcd9e,checker uncertainty,app::util::AppUtilFileControlState,,static.crs,1,380,0,1,1,,15,LOW,0x0030CD2C
ca8ecbf3635a,checker uncertainty,gfl2::animation::AnimationSlotBase,,static.crs,1,12,0,1,1,,15,LOW,0x00361ACC
0ae1dffa880f,checker uncertainty,gfl2::debug,,static.crs,1,32,0,1,1,,15,LOW,0x001074BC
014681548670,checker uncertainty,gfl2::heap::Manager,,static.crs,1,8,0,1,1,,15,LOW,0x00358200
c348d2a9b1cf,checker uncertainty,gfl2::math::MathUtil,,static.crs,1,812,0,1,1,,15,LOW,0x00359244
b2abc84c6017,checker uncertainty,gfl2::math::SpringSimulation,,static.crs,1,156,0,1,1,,15,LOW,0x00358C28
e69478776792,checker uncertainty,gfl2::renderingengine::scenegraph::instance::DrawEnvNode,,static.crs,1,2276,0,1,1,,15,LOW,0x00325A18
322635727973,checker uncertainty,gfl2::renderingengine::scenegraph::instance::InstanceNode,,static.crs,1,4,0,1,1,,15,LOW,0x00324C98
e255d3125334,checker uncertainty,gfl2::renderingengine::scenegraph::resource::GfBinaryEnvData,,static.crs,1,204,0,1,1,,15,LOW,0x0032C454
f57894bca1f6,checker uncertainty,gfl2::str::StrBuf,,static.crs,1,72,0,1,1,,15,LOW,0x00354314
de2173950423,checker uncertainty,gfl2::str::StrWin,,static.crs,1,44,0,1,1,,15,LOW,0x00354ED4
52eae9888a68,checker uncertainty,nn::friends::CTR::detail,,static.crs,1,100,0,1,1,,15,LOW,0x00286DF4
5ea32ceec013,checker uncertainty,nn::jpeg::CTR::JpegMpEncoder,,static.crs,1,264,0,1,1,,15,LOW,0x00269624
443b6bb4a459,checker uncertainty,nn::nex::CallContext,,static.crs,1,236,0,1,1,,15,LOW,0x0017C8A0
2433f9e839bc,checker uncertainty,nn::nex::PersistentGathering,,static.crs,1,28,0,1,1,,15,LOW,0x0047E298
e54a78e20294,checker uncertainty,nn::nex::RefCountedObject,,static.crs,1,28,0,1,1,,15,LOW,0x001C9220
18a3d2c26b7e,checker uncertainty,nn::nex::RootObject,,static.crs,1,4,0,1,1,,15,LOW,0x0017A570
cd1028951c29,checker uncertainty,nn::nex::_DDL_DataStorePersistenceInitParam,,static.crs,1,28,0,1,1,,15,LOW,0x0022F368
a31cdea09bb3,checker uncertainty,nn::nex::_DDL_DataStorePersistenceTarget,,static.crs,1,28,0,1,1,,15,LOW,0x0022AA80
fb98f3f288ca,checker uncertainty,nn::nex::_DDL_DataStoreRatingInitParam,,static.crs,1,76,0,1,1,,15,LOW,0x00225774
3a55b12aa17f,checker uncertainty,nn::nex::_DDL_DataStoreRatingInitParamWithSlot,,static.crs,1,104,0,1,1,,15,LOW,0x0022FE18
a8f8a9b40908,checker uncertainty,nn::nex::_DDL_ResultRange,,static.crs,1,28,0,1,1,,15,LOW,0x001CA384
6c02090f7f82,checker uncertainty,nn::os::CriticalSection,,static.crs,1,56,0,1,1,,15,LOW,0x001076A8
88b3a787c933,checker uncertainty,nn::os::StackMemory,,static.crs,1,132,0,1,1,,15,LOW,0x0017090C
d398f643eecc,checker uncertainty,nw::font::ResFont,,static.crs,1,400,0,1,1,,15,LOW,0x002C6A64
36794cfd16a3,checker uncertainty,nw::lyt::TextBox,,static.crs,1,308,0,1,1,,15,LOW,0x002A88DC
363c70afb31f,checker uncertainty,pml::PokeParty,,static.crs,1,208,0,1,1,,15,LOW,0x0031EBDC
9f4f0c61e6b1,checker uncertainty,pml::personal::Util,,static.crs,1,132,0,1,1,,15,LOW,0x00316454
173df0fe65ad,checker uncertainty,poke_3d::model::DressUpModelResourceManagerCore,,static.crs,1,380,0,1,1,,15,LOW,0x004A4F90
274094ec8b15,checker uncertainty,trainer,,static.crs,1,196,0,1,1,,15,LOW,0x0041E38C
e110d2030d06,checker uncertainty,App::PokeList::IntermediateData,,static.crs,1,588,0,1,2,,14,LOW,0x002E0CF4
eaffa694e146,checker uncertainty,Field::Application,,static.crs,1,528,0,1,2,,14,LOW,0x00374DD4
f31008660b1a,checker uncertainty,Field::Event::EventPokeFinderForPlacement,,static.crs,1,76,0,1,2,,14,LOW,0x00394E88
c97e1fd58f8c,checker uncertainty,Field::FieldItemUse,,static.crs,1,224,0,1,2,,14,LOW,0x00384B68
d28b19c5f5a7,checker uncertainty,NetAppLib::JoinFestaUI::JoinFestaPlayerData,,static.crs,1,140,0,1,2,,14,LOW,0x004488E4
12c83159cf94,checker uncertainty,NetAppLib::JoinFestaUI::JoinFestaSurveyLowerView,,static.crs,1,232,0,1,2,,14,LOW,0x00449BC8
73b145805b7e,checker uncertainty,NetEvent::JoinFestaEventLinkEvent,,static.crs,1,188,0,1,2,,14,LOW,0x00426398
ba09b76e7b18,checker uncertainty,PokeTool::nakayoshi,,static.crs,1,260,0,1,2,,14,LOW,0x0043691C
e1303fcbd306,checker uncertainty,Savedata::UnionPokemon,,static.crs,1,16,0,1,2,,14,LOW,0x0043A77C
06659fb35ca2,checker uncertainty,__rw::__rw_locale_vector<__rw::__rw_facet_base*>,,static.crs,1,72,0,1,2,,14,LOW,0x003021BA
a5ace73dae87,checker uncertainty,app::tool::TimerIconUIView,,static.crs,1,792,0,1,2,,14,LOW,0x002F1B6C
e856bdc80260,checker uncertainty,btl,,static.crs,1,168,0,1,2,,14,LOW,0x00313864
73fab7003383,checker uncertainty,gfl2::Effect::EffectRenderPath,,static.crs,1,1036,0,1,2,,14,LOW,0x0035D784
50e46c96eeaa,checker uncertainty,gfl2::renderingengine::renderer::util::MakeReductionImagePath,,static.crs,1,440,0,1,2,,14,LOW,0x003389B0
ce4769c5e2a3,checker uncertainty,gfl2::renderingengine::scenegraph::instance::DrawableNode,,static.crs,1,2004,0,1,2,,14,LOW,0x0032689C
00a93f9dc4c6,checker uncertainty,nn::cfg::CTR,,static.crs,1,40,0,1,2,,14,LOW,0x00172D70
9e19e23b1b81,checker uncertainty,nn::dsp::CTR,,static.crs,1,104,0,1,2,,14,LOW,0x0017422C
b947fc891b87,checker uncertainty,nn::nex::RendezVous,,static.crs,1,140,0,1,2,,14,LOW,0x00478FB4
f58e82b5dbd7,checker uncertainty,nn::os::Thread,,static.crs,4,448,0,4,10,,14,LOW,0x001082C4;0x00108D58;0x00106464;0x00171828
7f85521f9d88,checker uncertainty,nw::lyt,,static.crs,1,312,0,1,2,,14,LOW,0x0029DDC4
7babadf22c16,checker uncertainty,poke_3d::model::CharaModel,,static.crs,1,240,0,1,2,,14,LOW,0x0040DB84
537084903c4d,checker uncertainty,Field,,static.crs,1,364,0,1,3,,13,LOW,0x00392DD8
62b9c70a84e3,checker uncertainty,Field::EventBerryPoint,,static.crs,1,160,0,1,3,,13,LOW,0x0038BA10
28deef7fb4cb,checker uncertainty,Field::FieldItemManager,,static.crs,1,452,0,1,3,,13,LOW,0x0038D160
6187ad661b59,checker uncertainty,NetAppLib::GlobalAttraction::GlobalAttractionRequestFacade,,static.crs,1,116,0,1,3,,13,LOW,0x00455E08
98e9cba4b617,checker uncertainty,System,,static.crs,1,128,0,1,3,,13,LOW,0x003ED8EC
e87efe0cc107,checker uncertainty,__rw,,static.crs,1,90,0,1,3,,13,LOW,0x00301828
0179b0829c90,checker uncertainty,gfl2::qr::IQREncoder,,static.crs,1,180,0,1,3,,13,LOW,0x003432F8
21fc7a7e64f2,checker uncertainty,nn::err::CTR,,static.crs,1,40,0,1,3,,13,LOW,0x00105B38
ffc2f7c27e46,checker uncertainty,NetAppLib::Util::NetAppPokemonValidationUtility,,static.crs,1,396,0,1,4,,12,LOW,0x0045DFEC
dfbd83df84d5,checker uncertainty,nn::os::WaitObject,,static.crs,1,264,0,1,4,,12,LOW,0x001706A8
b1713a496bee,checker uncertainty,poke_3d::renderer::EdgeMapSceneRenderPath,,static.crs,1,252,0,1,4,,12,LOW,0x0041C7A0
64c972eb021b,checker uncertainty,NetLib::Error::NijiNetworkErrorManager,,static.crs,3,472,0,3,4,,9,LOW,0x003DF58C;0x003DF468;0x003DF5D8
d7862e75a731,checker uncertainty,pml::battle::TypeAffinity,,static.crs,2,412,0,2,0,,2,LOW,0x00314074;0x00313F6C
2e13d0b020a2,checker uncertainty,std::allocator<char>,,static.crs,2,4,0,2,2,,0,LOW,0x001041AC;0x001041AE
198fc6daff82,checker uncertainty,BattleInst::BattleInstManager,,static.crs,2,372,0,2,3,,-1,LOW,0x0015A838;0x0015A780
03126050bc23,unknown this-pointer type,BattleInst::BattleInstManager,,static.crs,1,16,1,1,1,,-8,LOW,0x0015A888
f2dd787b875f,ABI uncertainty,NetLib::Error::NijiNetworkErrorDialogStatus,,static.crs,1,16,1,1,1,,-8,LOW,0x003DFAB8
f5f6782e67e9,ABI uncertainty,gfl2::base::SingletonAccessor<NetLib::Error::NijiNetworkErrorManager>,,static.crs,1,12,1,1,1,,-8,LOW,0x00357688
9787136f3066,ABI uncertainty,gfl2::thread::ThreadStatic,,static.crs,1,40,1,1,1,,-8,LOW,0x0035EB44
a6522dadee5b,checker uncertainty,Field::EventBattleCall,,static.crs,1,84,0,1,0,,-9,LOW,0x0038AD24
95c00c621191,ABI uncertainty,NetEvent::BattleSpot::BattleSpotEvent,,static.crs,1,12,1,1,2,,-9,LOW,0x0041EFA4
a996b0ac47e4,checker uncertainty,NetApp::BattleVideo::BattleVideoRequestClient,,static.crs,1,212,0,1,1,,-10,LOW,0x003C9128
56626fff8eb5,checker uncertainty,PokeTool::BattleParty,,static.crs,1,380,0,1,1,,-10,LOW,0x0042AB18
38ceda80b1d2,checker uncertainty,"__rw::__string_ref<char,std::char_traits<char>,std::allocator<char>>",,static.crs,1,14,0,1,1,,-10,LOW,0x00302F3C
7b60baa929a9,checker uncertainty,nw::snd::internal::driver::SoundThread,,static.crs,1,72,0,1,1,,-10,LOW,0x002B97DC
d2e00c6157f2,checker uncertainty,"std::allocator<__rw::__string_ref<char,std::char_traits<char>,std::allocator<char>>>",,static.crs,1,2,0,1,1,,-10,LOW,0x001041AA
