module,file,sha256,actual_size,declared_size,bss_size,code_offset,code_size,data_offset,data_size,named_exports,indexed_exports,named_imports,import_modules,relocations
AnaiTest,AnaiTest.cro,b996787f2bf5ab6182cbd0470ea1801d5bf0ee7e15e96b49c5b53a785dc66034,8192,8192,32,384,3712,4332,4,1,0,0,0,10
AppDemo,AppDemo.cro,e301fcbdc0756345c144839772dac3dc4f057a49f250069dd31e83673ae477bb,20480,20480,32,384,11904,20308,72,1,0,54,1,252
ArakiTest,ArakiTest.cro,0c72eca34d07714833e2e694a76c003bff2f1528bf07293c980bfd421228fa8c,8192,8192,32,384,3712,4332,4,1,0,0,0,10
AriizumiTest,AriizumiTest.cro,e4ddb76a67b9b569ea7fdd621e813be482a4140845187c75a3cf4018e6db347a,8192,8192,32,384,3712,5960,68,1,0,15,0,12
Background,Background.cro,6ceb6b45febbea95ba4dd972939b3738e7bba0efee99ed24ecd9d77d9b890fcd,28672,28672,32,384,16000,26476,96,3,0,100,0,80
Bag,Bag.cro,06e2390eb9d855b1cccae9c6a4588b8d4b1403213cf3600979bff4d065cac587,131072,131072,64,384,93824,129608,564,1,0,384,1,524
Battle,Battle.cro,d1bbea341a2525e424ea7a1263f84af0a2695997e877284d59dda1d36f50cd8b,1273856,1273856,47820,384,1076864,1266504,3380,3,0,879,6,8125
BattleRoyalResult,BattleRoyalResult.cro,d37f941ecea26e65af8f233c710ec09be790a2091b824f76bf5db0faba4c906a,40960,40960,32,384,24192,38420,104,1,0,119,0,223
BattleSpot,BattleSpot.cro,fc92646643431e5bc2d767dea66055344cb30e40fe7290c32d48d0c556c91339,192512,192512,32,384,130688,190100,220,1,0,422,0,1675
BattleTree,BattleTree.cro,1f3392f33c0827a6036d798f6e2967802bd7e3ee3a96f40a1ce191997906d022,49152,49152,32,384,28288,46468,116,1,0,152,0,287
BattleVideoPlayer,BattleVideoPlayer.cro,9cb0fc9712a8c797694963f25366f48482d0ddec939be0647e6e4e7f5a8cf4bb,98304,98304,32,384,65152,94816,140,1,0,264,1,398
BattleVideoRecording,BattleVideoRecording.cro,883b03b9c863791d51a2608849136cbf1396957171e694ee5c4262b8da07e7b6,32768,32768,32,384,20096,32352,88,1,0,121,0,138
Box,Box.cro,997c46e1ee587019fdd93553fe6072199175f9d2db3c4226c4aa896459b7f04b,270336,270336,32,384,200320,264500,3624,1,0,426,1,2082
BoxSearch,BoxSearch.cro,68f7ddd2b31cc69ee9b1584d4e7805c25a5f17744305edce9fa7c23bfddc7906,61440,61440,32,384,40576,61268,148,1,0,189,0,385
CaptureTutorial,CaptureTutorial.cro,2ccdeac274e0efc85689e99e872c707a4fff3fe1523998d232efe296d065eff4,49152,49152,48,384,28288,41468,6204,3,0,77,1,280
CharaViewer,CharaViewer.cro,c2fe5c496a15b2c0e95271168136731a5f8734b57f9c16b278c0b6b6b438c033,8192,8192,32,384,3712,4332,4,1,0,0,0,10
Config,Config.cro,35603547a15794a749634e8b3215b62b50c2f4dd675ed60e0742058b601cb20a,49152,49152,32,384,28288,43696,1656,1,0,164,0,134
Connection,Connection.cro,a9e9dda0765b5f597d5c0e4c87aa77e274ac128bf03fec01d2e00756f1d90215,57344,57344,32,384,32384,54472,136,1,0,158,0,445
DebugBattle,DebugBattle.cro,4d771572eb41bf9ebd70404ae0152385e90a0a3d742985b6be367a058539f17d,8192,8192,32,384,3712,4332,4,1,0,0,0,10
DebugItemMake,DebugItemMake.cro,5e8a21f687893f894af68317dbf5c12e444e4f4a3da6c335735f6c93d3ef6e45,8192,8192,32,384,3712,4336,4,1,0,0,0,10
DebugKeyboard,DebugKeyboard.cro,fedbbd68089fbee0c568d4072ee1704fe0e1c9428c32387b93493463abbd5283,8192,8192,32,384,3712,4336,4,1,0,0,0,10
DebugNumInput,DebugNumInput.cro,7ff28d4b75dc3090ea71204db4cf016fe27383b824a6cef2d842fee5ab23af75,8192,8192,32,384,3712,4336,4,1,0,0,0,10
DebugPokeMake,DebugPokeMake.cro,a21601e3eb1c2b51602451198504960f3d8749b012366f3e5bfb3b86a84ed6a4,8192,8192,32,384,3712,4336,4,1,0,0,0,10
DebugWordSet,DebugWordSet.cro,219545de90a5487a320010373af02b775447b4bda676d085a36288e3bd231013,8192,8192,32,384,3712,4336,4,1,0,0,0,10
DendouDemo,DendouDemo.cro,562637c56df94b4420317819dd3360e4051609ce5a5ed230350d11cd6b08ba26,49152,49152,296,384,28288,48640,116,1,0,209,0,148
DrawUtilTextTest,DrawUtilTextTest.cro,e28312d6fa80388c8db8f838cc0d5aad9d36f8816f4b2c8ed1faaa1ff8b93bed,8192,8192,32,384,3712,4340,4,1,0,0,0,10
EggHatching,EggHatching.cro,64beaab7ccad11a866f1708f5ebb113ba17fd06019533ea68881350bf9947fc4,36864,36864,32,384,20096,34040,108,1,0,108,2,245
EndRoll,EndRoll.cro,de9c538f74ab77e078732a5738b3cb263d6cb9d7321def56251ed5695f7a9db1,32768,32768,32,384,20096,32288,100,1,0,102,0,187
Evolution,Evolution.cro,58b96f363ca5d353fe92b4616244d981a2f3ecf8836c903dacd7e8b10805c2dd,49152,49152,32,384,28288,46224,120,1,0,136,2,361
FieldBag,FieldBag.cro,9c38959489f1b2fe325ac8d6485cc66a0c417775c48caab1e56fac8a18ca8492,36864,36864,32,384,20096,32624,228,1,0,134,1,122
FieldBattleInstEvent,FieldBattleInstEvent.cro,9247348331d382655d1600f9ade713e44032a219f078e7540cfef6319c9abc37,20480,20480,32,384,11904,18836,104,1,0,59,0,102
FieldDebug,FieldDebug.cro,cc1028d98bd4430aa35d26b0ca9f7e6f5aee419fbd71367beddd1ed14c825b47,12288,12288,32,384,7808,12020,152,1,0,29,0,15
FieldDemo,FieldDemo.cro,9bf555473f373825a0621aa8bd1c31ac54d2e026ed91fa6a5169fcb5da008b33,16384,16384,32,384,7808,12660,68,1,0,40,1,45
FieldGimmickBattleInst,FieldGimmickBattleInst.cro,24f6049dbeca207f73d6f70dca440f2803c783a3f91e1ea5891a08a8e706a05e,28672,28672,32,384,16000,24608,148,1,0,61,1,97
FieldGimmickJoinFesta,FieldGimmickJoinFesta.cro,b29c1abdfad70477997b095c28fdf3278a9f1c34b03d3eb1a4779b67dd89d6a9,16384,16384,32,384,7808,14208,136,1,0,46,2,65
FieldGimmickJoinFestaRoom,FieldGimmickJoinFestaRoom.cro,3502a2fe72c450a326b04b45f9d32a5810ef67486a1c2ae8bb9cd11fd087ee57,16384,16384,32,384,7808,13876,136,1,0,44,1,65
FieldGimmickLift,FieldGimmickLift.cro,5f7b0caeeb2bd3e8889546d251b2daea6d388e318c07f2753b1cedc39cbfc8ab,20480,20480,32,384,11904,17356,136,1,0,41,1,53
FieldGimmickPokecen,FieldGimmickPokecen.cro,c01d5456eac9e3bda10bd09453fe77ac6386bf0020ac6b1f291b3432e56e2432,28672,28672,32,384,16000,26872,156,1,0,101,1,86
FieldMenu,FieldMenu.cro,41a44e9822d42e2bfc2ea4d921ec25a603343c0f1528ffb2e484459f688bfeed,131072,131072,32,384,85632,126496,576,3,0,397,1,597
FieldRo,FieldRo.cro,4d570e0473430225fb7d5b4c83f43b4beb91f7230f1de550eb36a70cf65da078,1089536,1089536,280,384,872064,1087652,1748,3,0,1151,11,5560
Finder,Finder.cro,b19e759e225eb3ebd800a96de0be0b7b6216f7951311005f4d2f7f98bfdb1e7e,73728,73728,32,384,48768,72100,180,1,0,218,1,294
FinderMenu,FinderMenu.cro,0b93a2bcf8a160c293c10f4e47beb7eaaa3f8e12f221bead99802b6dd703845c,65536,65536,32,384,40576,62152,216,1,0,188,1,395
FontViewer,FontViewer.cro,d1667209c7e18bd02a05d1c32cc295e851887cd284b1be15c5125ee770798ce8,8192,8192,32,384,3712,4332,4,1,0,0,0,10
FukushimaTest,FukushimaTest.cro,88f7fdbc9e0148ae05e5bfdb3f5e199c60138fe23d7142e814d1c21ff65ff0ce,8192,8192,32,384,3712,4336,4,1,0,0,0,10
GTS,GTS.cro,3c9c7b5bf63e02884fd0144a564c6c250c35950594cc9962b76d2d4820d9aef4,253952,253952,32,384,175744,250368,260,1,0,432,2,2349
GameClearSave,GameClearSave.cro,68dbd8ef3f1c667c117f2390260f217908ccbbe4ba62295c0fdd11d5f68441bb,24576,24576,32,384,11904,23176,76,1,0,117,0,114
GameOver,GameOver.cro,ab1793652e1c8c44019e4923f4ee05c50529a71d6314fe00cb29d26080159660,24576,24576,32,384,11904,20948,76,1,0,89,0,123
GameSync,GameSync.cro,f5aa586808fa671d533176f6b97329751d49ff4655865c7ded78d151bb9c3a02,65536,65536,32,384,40576,62336,136,1,0,146,0,427
HeroSelect,HeroSelect.cro,08511158dcb6c4edbf873520ce5ff9da139a295d88af8f3a83d161ebb74681f1,36864,36864,32,384,20096,35328,88,1,0,155,1,177
IshiguroTest,IshiguroTest.cro,c8e6c62c44446372c88ffb907228546739497b46c6aa1a5b1c2b1fa72ef7c1fa,8192,8192,32,384,3712,4336,4,1,0,0,0,10
IslandTest,IslandTest.cro,c1e9109a2b5a7cf15097267ea2ab1f55df4f997f21c935a9818991066f1243db,8192,8192,32,384,3712,4332,4,1,0,0,0,10
JoinFesta,JoinFesta.cro,c61ff76ff5d1e625ecf7382fc94de7e38d2c0d439a1b533d3919f6ae08f9bf14,139264,139264,116,384,93824,138376,224,1,0,341,2,673
JoinFestaAttractionListSelect,JoinFestaAttractionListSelect.cro,50e11609516a2d8a5e1d51be1cd846df0e0f5717bce56e2ddfde8be943161525,45056,45056,32,384,24192,41856,116,1,0,137,0,276
JoinFestaAttractionResult,JoinFestaAttractionResult.cro,1635f725c9d97d191ded404ab0a9a57c513a1bd75b3774ef8de238a7f717a6d8,40960,40960,32,384,24192,39196,144,1,0,123,0,237
JoinFestaBeacon,JoinFestaBeacon.cro,0cf8939f9deb51426f8b6ff5df47be4e6d90a92884cafc54a46442454f2ec5b6,53248,53248,32,384,28288,49368,112,1,0,177,0,319
JoinFestaGlobalAttraction,JoinFestaGlobalAttraction.cro,819f184d4d3d1b66d560dc724c005341ff82ec56227c373805104982c1c41f27,65536,65536,32,384,40576,63892,132,1,0,177,0,447
JoinFestaOpenList,JoinFestaOpenList.cro,3c39568d95d444f3da9b5fbf0e8e5255dcf9e8fc6d86c6bcf96912c9c0a22764,36864,36864,32,384,20096,36124,108,1,0,124,0,248
JoinFestaPlayerDetail,JoinFestaPlayerDetail.cro,792dbf7d8b6c5d8c668838952fc6bd555ae2155f16bff36dfd5f075faa39b4b5,36864,36864,32,384,20096,33712,100,1,0,108,0,205
JoinFestaPlayerListSelect,JoinFestaPlayerListSelect.cro,ad66eac1a6cc2d98437a546ed01bda8ce3fdf2722fe731cb3cd17f01643a647a,36864,36864,32,384,20096,33804,100,1,0,108,0,206
JoinFestaPlayerListSelectForScript,JoinFestaPlayerListSelectForScript.cro,f3fab617b3152a1a034362b95205bf969752aa2c43637a573e1e332342169a9c,36864,36864,32,384,20096,34916,104,1,0,112,0,236
JoinFestaPlayerListSelectMulti,JoinFestaPlayerListSelectMulti.cro,f5264af3c5b6f01c57abe99158ef8d3f16026bda15f06c5d6c47e4f24bab77c7,45056,45056,32,384,24192,41932,104,1,0,141,0,235
JoinFestaPlayerListShow,JoinFestaPlayerListShow.cro,59fd097b702aac9a0b7a84e84cba9e8749846b513e5431d09974b3f6d7dfcafe,45056,45056,32,384,24192,43044,108,1,0,144,0,282
JoinFestaProfile,JoinFestaProfile.cro,ffd8977b6a9ce4ad84d105001cddf19d2780f7039cd892fd763b781bc03f7ae3,57344,57344,32,384,32384,53336,116,1,0,165,1,390
JoinFestaSelectWord,JoinFestaSelectWord.cro,024326368d3543d0bc4a5713fec712887ea68a46ca2d1d87417517188843dd62,49152,49152,32,384,28288,48684,124,1,0,155,0,374
JoinFestaSubScreen,JoinFestaSubScreen.cro,a8cebf5e9a788e92353ef8217aee60276d7821a4b18d8c18ad35b301af9d27c9,90112,90112,32,384,56960,89536,232,1,0,217,1,692
KawadaTest,KawadaTest.cro,3e5b0f83e39c05ca0c7cb3a587d59d536823849297c085a7b0084713859ad4ad,8192,8192,32,384,3712,4332,4,1,0,0,0,10
Kawaigari,Kawaigari.cro,9482a67d3b001390735a92f680637681e016c4096f64f5188ae86f23491a0f63,208896,208896,116,384,163456,207828,568,3,0,341,2,999
Kisekae,Kisekae.cro,45cd7c12c559b65ec08cc30c1f9cd44d2518747659908551287f5338f7c46b5a,98304,98304,32,384,65152,94208,124,1,0,260,1,455
KisekaeData,KisekaeData.cro,ed1357ed6437f92e88e71ca1110849df1d579fe2024ba52202534212e837df6c,114688,114688,32,384,81536,113368,64,1,0,17,0,2471
LangSelect,LangSelect.cro,341dcaf6594376d5da81299dead47c145dc17ebb2bac29f2b911e80d5876da02,49152,49152,32,384,28288,45044,92,1,0,169,0,216
LayoutArcTest,LayoutArcTest.cro,5c9baa5be1c1201b5c2352e0f683d805a55eb418fe3c5f464a510565d8c8ff43,8192,8192,32,384,3712,4336,4,1,0,0,0,10
Live,Live.cro,eaf8dbc98cbeb4deeda4b2c42d4aa3bb6e101fec71a1d2ba45a8cd5fd585ee44,94208,94208,32,384,56960,90988,152,1,0,255,0,765
MenuFrameTest,MenuFrameTest.cro,7364650e712bf6b88de57a184922f4c62c304be641e6f976a6c2e39f80ced1d1,8192,8192,32,384,3712,4336,4,1,0,0,0,10
MiracleTrade,MiracleTrade.cro,9a9eeb11ea641f153eb110720fb7ad541826b9aa94136c164132c4c3ba097e1c,69632,69632,32,384,36480,65560,132,1,0,241,0,403
MovieLib,MovieLib.cro,c3c652212f88ac9a4161b86b1aed7d4dae81bbe2d424f7b0f47098d0a0174c97,69632,69632,924,384,44672,66176,232,1,0,226,0,394
MutoTest,MutoTest.cro,d2de79b95ddccfd10663c54dcf88032a2945ccfd305d553525d1da9add424820,8192,8192,32,384,3712,4332,4,1,0,0,0,10
MysteryGift,MysteryGift.cro,b1bf1f1de69d3be5cc3429469bd7c0c35c9fb7427bfb3a022ee096fb1aea0700,172032,172032,600,384,110208,169016,256,1,0,393,1,1513
NBR,NBR.cro,63ad2989bf55094f3a49e6e51d0b85694da36db58f6e84e1d228e71338b9421d,126976,126976,32,384,85632,126352,200,1,0,226,0,1230
NakahiroTest,NakahiroTest.cro,404ea8f64df4e36955e350a79bbebeb00e395b4046a810b163f2d28ed488a89c,8192,8192,32,384,3712,4336,4,1,0,0,0,10
NumberInput,NumberInput.cro,6978009634d3bda2bee84fda00935bd4b34ca409fe9edbec26ab06e1c62deeb7,24576,24576,32,384,16000,24480,76,1,0,92,0,60
ObataTest,ObataTest.cro,a87981acf7aebc5e7129449b9b55f6e6323c01f9978d9c00d9302cd257529a4a,8192,8192,32,384,3712,4332,4,1,0,0,0,10
Object,Object.cro,4a5c53c04289490930a848d76e03831c1d20254b6267a2d9f4824b312f7931bc,94208,94208,32,384,65152,90804,128,1,0,176,0,772
P2PTrade,P2PTrade.cro,8c53a775676f78425515730c6028b35d360f487a54796d07d51970926da1242f,45056,45056,32,384,24192,41404,124,1,0,118,0,354
ParurePokeList,ParurePokeList.cro,c9862163a2dbc0724c583a6330668016f3169076dfe4bcc53894f31009edfe22,32768,32768,64,384,16000,29516,84,3,0,148,0,103
PeteTest,PeteTest.cro,0f0bd6bb9bf52b92760e4a20b04f531b8f80a0f35e894065977cf9af8ea77759,8192,8192,32,384,3712,4332,4,1,0,0,0,10
PokeIconView,PokeIconView.cro,bf06b6786f0e36aebef623d6182b3f0254824a5afb7d816ab91842e4b8b7d876,8192,8192,32,384,3712,4336,4,1,0,0,0,10
PokeViewer,PokeViewer.cro,641673c73874fbf416dbba90e31e834b8ac49936f99f8e00458dff5770627043,8192,8192,32,384,3712,4332,4,1,0,0,0,10
QRReader,QRReader.cro,8902d244b2f2f67dd0bcebddb6de728b2aacb0ba20e995910e3836e9016e133d,98304,98304,64,384,61056,94680,180,1,0,273,0,734
QuickMatch,QuickMatch.cro,98d4c021c5f1e12edc46025610eb75b29e36ce154a4edfbeb7386bdaa2f410f7,49152,49152,32,384,28288,46176,112,1,0,146,1,337
RaderChart,RaderChart.cro,6adbcc993435c140caf8806e20658c5eacc584b291091059e128dce0d129a46c,24576,24576,168,384,16000,22452,68,1,0,53,0,86
RegulationSelect,RegulationSelect.cro,520592a1fc9d0eff29a88f7877fd6b37f64a1232292f0f555a6735e8ecd1c629,94208,94208,32,384,61056,92868,164,1,0,236,0,640
Resort,Resort.cro,f408ec7c19ba62c57375f266afb83f454783fc254f8656a206960178ed95a5e0,249856,249856,132,384,179840,246940,476,1,0,545,0,1598
RoTest,RoTest.cro,789667505cac438ffc4ecd25fc42ef885c6c3cd811e525121c9222be1d9c4a05,8192,8192,32,384,3712,4328,4,1,0,0,0,10
SeqEditor,SeqEditor.cro,d288a6281606b186addd7af2e6b67c9cdc9c5c530d47622056d2fc8566b94f77,12288,12288,32,384,7808,9132,4,1,0,11,0,18
SequencePlayer,SequencePlayer.cro,805abbc316a94594061023a80ef8b16a8c6b2eeaad0adfc4cd6f68c2d709e8aa,180224,180224,32,384,130688,177372,628,1,0,355,2,1025
Shop,Shop.cro,aa931902e88baa9a2e03b406ab7daaa5b3a003c39db181c7850cc1be83a577f0,40960,40960,32,384,24192,39120,192,1,0,173,0,141
SimpleAppTest,SimpleAppTest.cro,745c6ed969c6c71c3627a913b977f615b03dda974235f5def13a175f0db647f0,8192,8192,32,384,3712,4336,4,1,0,0,0,10
SoundTest,SoundTest.cro,d6252fa50fb35fd6fe053e78d439dc01d6ed2a60bb96a543b14c01558dfd3037,8192,8192,32,384,3712,4332,4,1,0,0,0,10
Staffroll,Staffroll.cro,363ad2c01e5b23efdda819317fd6cd8fcb0af54a80aef26571db461e8db72604,45056,45056,64,384,28288,43432,116,1,0,128,0,249
Status,Status.cro,a824f6dc9c1aa816a8a1b4ac2b63c59e25a200d1b20407e9ccccd6fa750c6206,102400,102400,32,384,69248,100224,144,1,0,296,1,401
StatusUpper,StatusUpper.cro,2c6811e0cf350c10ecc2e11ab028b2b724114de1be0e1776aeee5417a51e87f4,28672,28672,32,384,16000,24564,76,1,0,89,1,38
StrInput,StrInput.cro,06ae82598c846a2f20f244dd31294cc280a7c1e066b6b7315036b1f6d1e33c37,73728,73728,32,384,52864,69808,108,1,0,168,0,266
SuperTraining,SuperTraining.cro,5da4845addba879c33f9892bd8c9d7fa8dcfad8f2976f5c860c1cdea44d474a8,45056,45056,32,384,28288,44476,104,1,0,141,1,248
TakedaTest,TakedaTest.cro,89a0cd60d21edc646e48fb255f025f2a6a4cf7d879c2b4d4b858bfa9e546a3c9,8192,8192,32,384,3712,4332,4,1,0,0,0,10
TeamSelect,TeamSelect.cro,6b72e7875d1a1980509fa99dc54fc028e2e2458966eae60d266ae2974cc203e4,86016,86016,32,384,56960,83644,252,1,0,237,0,418
Title,Title.cro,864542ddaeb92b2bfa37f87d57c3a64ab988d4256b84b893f9fe279d7e5926ae,28672,28672,64,384,16000,27240,220,1,0,111,0,113
TitleMenu,TitleMenu.cro,38f0bc556e4aefcc2ca2d47fafa6919eb5fe309e9ef410b61c84c53a019705ce,45056,45056,32,384,24192,41928,88,1,0,191,0,179
TownMap,TownMap.cro,6825f1e36e6e99d4fd451bb04cec8904c40d316933cc4d7005c0d94f680079fa,28672,28672,64,384,16000,27596,84,1,0,122,1,129
TownMapParts,TownMapParts.cro,06bae2bd7a5a4de5e2ad3f9f658a3e601e288408ac2086b5c3c4b1e3cb06cc3c,40960,40960,32,384,28288,40160,68,1,0,140,0,68
TrainerPass,TrainerPass.cro,9608c4a89c4b2c4ebd32cf74d108e165cc1994fbabdf5f01f2a426626147fced,36864,36864,64,384,20096,33080,84,1,0,147,0,109
TrainerPhoto,TrainerPhoto.cro,e4840098ebcdd5c7102ae16f1fddc46a5d4e41753608c8edf1f91f4da72b8e11,49152,49152,32,384,28288,46576,128,1,0,185,0,182
UIUnitTest,UIUnitTest.cro,a4913fb623ce4699cdc88b1baaa3e1ba39198c1dbc3659a0aa89768b3057a71f,8192,8192,32,384,3712,4332,4,1,0,0,0,10
WazaOmoidasi,WazaOmoidasi.cro,9a9b2678b62be9f0524761fbd80dc3c0865edb30ed2fbaa70ed92c4d51e2c971,45056,45056,64,384,24192,44536,84,1,0,233,1,170
WazaOshie,WazaOshie.cro,7e738fdaa1c529ae9e34e92aed867755fade58af3f53ac4226e8a60b129afcc0,53248,53248,32,384,32384,52316,96,1,0,214,0,185
Zukan,Zukan.cro,22b97c87ca62aa44f9949e810864f67b938b292dc9f6b854713654e3367c12c4,299008,299008,64,384,216704,279128,16588,1,0,461,2,1469
|static|,static.crs,e18db06b0609739e8e62cd4786c6b2da838d20347050e4c2ac822bf35c016957,356352,356352,32,384,0,356352,0,4543,0,0,71,0
