module,file,id,name,offset,size
AnaiTest,AnaiTest.cro,0,.text,384,172
AnaiTest,AnaiTest.cro,1,.rodata,4096,0
AnaiTest,AnaiTest.cro,2,.data,4332,4
AnaiTest,AnaiTest.cro,0,.text,0,0
AnaiTest,AnaiTest.cro,0,.text,0,0
AppDemo,AppDemo.cro,0,.text,384,7736
AppDemo,AppDemo.cro,1,.rodata,8192,1472
AppDemo,AppDemo.cro,2,.data,20308,72
AppDemo,AppDemo.cro,0,.text,0,0
AppDemo,AppDemo.cro,0,.text,0,0
ArakiTest,ArakiTest.cro,0,.text,384,172
ArakiTest,ArakiTest.cro,1,.rodata,4096,0
ArakiTest,ArakiTest.cro,2,.data,4332,4
ArakiTest,ArakiTest.cro,0,.text,0,0
ArakiTest,ArakiTest.cro,0,.text,0,0
AriizumiTest,AriizumiTest.cro,0,.text,384,904
AriizumiTest,AriizumiTest.cro,1,.rodata,4096,0
AriizumiTest,AriizumiTest.cro,2,.data,5960,68
AriizumiTest,AriizumiTest.cro,0,.text,0,0
AriizumiTest,AriizumiTest.cro,0,.text,0,0
Background,Background.cro,0,.text,384,11156
Background,Background.cro,1,.rodata,12288,1260
Background,Background.cro,2,.data,26476,96
Background,Background.cro,0,.text,0,0
Background,Background.cro,0,.text,0,0
Bag,Bag.cro,0,.text,384,85888
Bag,Bag.cro,1,.rodata,90112,3780
Bag,Bag.cro,2,.data,129608,564
Bag,Bag.cro,3,.bss,0,32
Bag,Bag.cro,0,.text,0,0
Battle,Battle.cro,0,.text,384,1014724
Battle,Battle.cro,1,.rodata,1015808,58372
Battle,Battle.cro,2,.data,1266504,3380
Battle,Battle.cro,3,.bss,0,47780
Battle,Battle.cro,0,.text,0,0
BattleRoyalResult,BattleRoyalResult.cro,0,.text,384,17388
BattleRoyalResult,BattleRoyalResult.cro,1,.rodata,20480,2260
BattleRoyalResult,BattleRoyalResult.cro,2,.data,38420,104
BattleRoyalResult,BattleRoyalResult.cro,0,.text,0,0
BattleRoyalResult,BattleRoyalResult.cro,0,.text,0,0
BattleSpot,BattleSpot.cro,0,.text,384,113644
BattleSpot,BattleSpot.cro,1,.rodata,114688,12420
BattleSpot,BattleSpot.cro,2,.data,190100,220
BattleSpot,BattleSpot.cro,0,.text,0,0
BattleSpot,BattleSpot.cro,0,.text,0,0
BattleTree,BattleTree.cro,0,.text,384,23496
BattleTree,BattleTree.cro,1,.rodata,24576,2900
BattleTree,BattleTree.cro,2,.data,46468,116
BattleTree,BattleTree.cro,0,.text,0,0
BattleTree,BattleTree.cro,0,.text,0,0
BattleVideoPlayer,BattleVideoPlayer.cro,0,.text,384,59336
BattleVideoPlayer,BattleVideoPlayer.cro,1,.rodata,61440,3920
BattleVideoPlayer,BattleVideoPlayer.cro,2,.data,94816,140
BattleVideoPlayer,BattleVideoPlayer.cro,0,.text,0,0
BattleVideoPlayer,BattleVideoPlayer.cro,0,.text,0,0
BattleVideoRecording,BattleVideoRecording.cro,0,.text,384,13816
BattleVideoRecording,BattleVideoRecording.cro,1,.rodata,16384,1176
BattleVideoRecording,BattleVideoRecording.cro,2,.data,32352,88
BattleVideoRecording,BattleVideoRecording.cro,0,.text,0,0
BattleVideoRecording,BattleVideoRecording.cro,0,.text,0,0
Box,Box.cro,0,.text,384,183064
Box,Box.cro,1,.rodata,184320,13304
Box,Box.cro,2,.data,264500,3624
Box,Box.cro,0,.text,0,0
Box,Box.cro,0,.text,0,0
BoxSearch,BoxSearch.cro,0,.text,384,34852
BoxSearch,BoxSearch.cro,1,.rodata,36864,3600
BoxSearch,BoxSearch.cro,2,.data,61268,148
BoxSearch,BoxSearch.cro,0,.text,0,0
BoxSearch,BoxSearch.cro,0,.text,0,0
CaptureTutorial,CaptureTutorial.cro,0,.text,384,22584
CaptureTutorial,CaptureTutorial.cro,1,.rodata,24576,2632
CaptureTutorial,CaptureTutorial.cro,2,.data,41468,6204
CaptureTutorial,CaptureTutorial.cro,3,.bss,0,16
CaptureTutorial,CaptureTutorial.cro,0,.text,0,0
CharaViewer,CharaViewer.cro,0,.text,384,172
CharaViewer,CharaViewer.cro,1,.rodata,4096,0
CharaViewer,CharaViewer.cro,2,.data,4332,4
CharaViewer,CharaViewer.cro,0,.text,0,0
CharaViewer,CharaViewer.cro,0,.text,0,0
Config,Config.cro,0,.text,384,22032
Config,Config.cro,1,.rodata,24576,1120
Config,Config.cro,2,.data,43696,1656
Config,Config.cro,0,.text,0,0
Config,Config.cro,0,.text,0,0
Connection,Connection.cro,0,.text,384,26700
Connection,Connection.cro,1,.rodata,28672,3884
Connection,Connection.cro,2,.data,54472,136
Connection,Connection.cro,0,.text,0,0
Connection,Connection.cro,0,.text,0,0
DebugBattle,DebugBattle.cro,0,.text,384,172
DebugBattle,DebugBattle.cro,1,.rodata,4096,0
DebugBattle,DebugBattle.cro,2,.data,4332,4
DebugBattle,DebugBattle.cro,0,.text,0,0
DebugBattle,DebugBattle.cro,0,.text,0,0
DebugItemMake,DebugItemMake.cro,0,.text,384,172
DebugItemMake,DebugItemMake.cro,1,.rodata,4096,0
DebugItemMake,DebugItemMake.cro,2,.data,4336,4
DebugItemMake,DebugItemMake.cro,0,.text,0,0
DebugItemMake,DebugItemMake.cro,0,.text,0,0
DebugKeyboard,DebugKeyboard.cro,0,.text,384,172
DebugKeyboard,DebugKeyboard.cro,1,.rodata,4096,0
DebugKeyboard,DebugKeyboard.cro,2,.data,4336,4
DebugKeyboard,DebugKeyboard.cro,0,.text,0,0
DebugKeyboard,DebugKeyboard.cro,0,.text,0,0
DebugNumInput,DebugNumInput.cro,0,.text,384,172
DebugNumInput,DebugNumInput.cro,1,.rodata,4096,0
DebugNumInput,DebugNumInput.cro,2,.data,4336,4
DebugNumInput,DebugNumInput.cro,0,.text,0,0
DebugNumInput,DebugNumInput.cro,0,.text,0,0
DebugPokeMake,DebugPokeMake.cro,0,.text,384,172
DebugPokeMake,DebugPokeMake.cro,1,.rodata,4096,0
DebugPokeMake,DebugPokeMake.cro,2,.data,4336,4
DebugPokeMake,DebugPokeMake.cro,0,.text,0,0
DebugPokeMake,DebugPokeMake.cro,0,.text,0,0
DebugWordSet,DebugWordSet.cro,0,.text,384,172
DebugWordSet,DebugWordSet.cro,1,.rodata,4096,0
DebugWordSet,DebugWordSet.cro,2,.data,4336,4
DebugWordSet,DebugWordSet.cro,0,.text,0,0
DebugWordSet,DebugWordSet.cro,0,.text,0,0
DendouDemo,DendouDemo.cro,0,.text,384,20640
DendouDemo,DendouDemo.cro,1,.rodata,24576,1164
DendouDemo,DendouDemo.cro,2,.data,48640,116
DendouDemo,DendouDemo.cro,3,.bss,0,264
DendouDemo,DendouDemo.cro,0,.text,0,0
DrawUtilTextTest,DrawUtilTextTest.cro,0,.text,384,172
DrawUtilTextTest,DrawUtilTextTest.cro,1,.rodata,4096,0
DrawUtilTextTest,DrawUtilTextTest.cro,2,.data,4340,4
DrawUtilTextTest,DrawUtilTextTest.cro,0,.text,0,0
DrawUtilTextTest,DrawUtilTextTest.cro,0,.text,0,0
EggHatching,EggHatching.cro,0,.text,384,14776
EggHatching,EggHatching.cro,1,.rodata,16384,2020
EggHatching,EggHatching.cro,2,.data,34040,108
EggHatching,EggHatching.cro,0,.text,0,0
EggHatching,EggHatching.cro,0,.text,0,0
EndRoll,EndRoll.cro,0,.text,384,12068
EndRoll,EndRoll.cro,1,.rodata,16384,1544
EndRoll,EndRoll.cro,2,.data,32288,100
EndRoll,EndRoll.cro,0,.text,0,0
EndRoll,EndRoll.cro,0,.text,0,0
Evolution,Evolution.cro,0,.text,384,21392
Evolution,Evolution.cro,1,.rodata,24576,2620
Evolution,Evolution.cro,2,.data,46224,120
Evolution,Evolution.cro,0,.text,0,0
Evolution,Evolution.cro,0,.text,0,0
FieldBag,FieldBag.cro,0,.text,384,12472
FieldBag,FieldBag.cro,1,.rodata,16384,932
FieldBag,FieldBag.cro,2,.data,32624,228
FieldBag,FieldBag.cro,0,.text,0,0
FieldBag,FieldBag.cro,0,.text,0,0
FieldBattleInstEvent,FieldBattleInstEvent.cro,0,.text,384,5952
FieldBattleInstEvent,FieldBattleInstEvent.cro,1,.rodata,8192,616
FieldBattleInstEvent,FieldBattleInstEvent.cro,2,.data,18836,104
FieldBattleInstEvent,FieldBattleInstEvent.cro,0,.text,0,0
FieldBattleInstEvent,FieldBattleInstEvent.cro,0,.text,0,0
FieldDebug,FieldDebug.cro,0,.text,384,1904
FieldDebug,FieldDebug.cro,1,.rodata,4096,76
FieldDebug,FieldDebug.cro,2,.data,12020,152
FieldDebug,FieldDebug.cro,0,.text,0,0
FieldDebug,FieldDebug.cro,0,.text,0,0
FieldDemo,FieldDemo.cro,0,.text,384,2496
FieldDemo,FieldDemo.cro,1,.rodata,4096,276
FieldDemo,FieldDemo.cro,2,.data,12660,68
FieldDemo,FieldDemo.cro,0,.text,0,0
FieldDemo,FieldDemo.cro,0,.text,0,0
FieldGimmickBattleInst,FieldGimmickBattleInst.cro,0,.text,384,10616
FieldGimmickBattleInst,FieldGimmickBattleInst.cro,1,.rodata,12288,448
FieldGimmickBattleInst,FieldGimmickBattleInst.cro,2,.data,24608,148
FieldGimmickBattleInst,FieldGimmickBattleInst.cro,0,.text,0,0
FieldGimmickBattleInst,FieldGimmickBattleInst.cro,0,.text,0,0
FieldGimmickJoinFesta,FieldGimmickJoinFesta.cro,0,.text,384,3712
FieldGimmickJoinFesta,FieldGimmickJoinFesta.cro,1,.rodata,4096,212
FieldGimmickJoinFesta,FieldGimmickJoinFesta.cro,2,.data,14208,136
FieldGimmickJoinFesta,FieldGimmickJoinFesta.cro,0,.text,0,0
FieldGimmickJoinFesta,FieldGimmickJoinFesta.cro,0,.text,0,0
FieldGimmickJoinFestaRoom,FieldGimmickJoinFestaRoom.cro,0,.text,384,3404
FieldGimmickJoinFestaRoom,FieldGimmickJoinFestaRoom.cro,1,.rodata,4096,216
FieldGimmickJoinFestaRoom,FieldGimmickJoinFestaRoom.cro,2,.data,13876,136
FieldGimmickJoinFestaRoom,FieldGimmickJoinFestaRoom.cro,0,.text,0,0
FieldGimmickJoinFestaRoom,FieldGimmickJoinFestaRoom.cro,0,.text,0,0
FieldGimmickLift,FieldGimmickLift.cro,0,.text,384,3924
FieldGimmickLift,FieldGimmickLift.cro,1,.rodata,8192,208
FieldGimmickLift,FieldGimmickLift.cro,2,.data,17356,136
FieldGimmickLift,FieldGimmickLift.cro,0,.text,0,0
FieldGimmickLift,FieldGimmickLift.cro,0,.text,0,0
FieldGimmickPokecen,FieldGimmickPokecen.cro,0,.text,384,10624
FieldGimmickPokecen,FieldGimmickPokecen.cro,1,.rodata,12288,876
FieldGimmickPokecen,FieldGimmickPokecen.cro,2,.data,26872,156
FieldGimmickPokecen,FieldGimmickPokecen.cro,0,.text,0,0
FieldGimmickPokecen,FieldGimmickPokecen.cro,0,.text,0,0
FieldMenu,FieldMenu.cro,0,.text,384,74884
FieldMenu,FieldMenu.cro,1,.rodata,77824,5420
FieldMenu,FieldMenu.cro,2,.data,126496,576
FieldMenu,FieldMenu.cro,0,.text,0,0
FieldMenu,FieldMenu.cro,0,.text,0,0
FieldRo,FieldRo.cro,0,.text,384,828352
FieldRo,FieldRo.cro,1,.rodata,831488,39252
FieldRo,FieldRo.cro,2,.data,1087652,1748
FieldRo,FieldRo.cro,3,.bss,0,248
FieldRo,FieldRo.cro,0,.text,0,0
Finder,Finder.cro,0,.text,384,44372
Finder,Finder.cro,1,.rodata,45056,2048
Finder,Finder.cro,2,.data,72100,180
Finder,Finder.cro,0,.text,0,0
Finder,Finder.cro,0,.text,0,0
FinderMenu,FinderMenu.cro,0,.text,384,35144
FinderMenu,FinderMenu.cro,1,.rodata,36864,3596
FinderMenu,FinderMenu.cro,2,.data,62152,216
FinderMenu,FinderMenu.cro,0,.text,0,0
FinderMenu,FinderMenu.cro,0,.text,0,0
FontViewer,FontViewer.cro,0,.text,384,172
FontViewer,FontViewer.cro,1,.rodata,4096,0
FontViewer,FontViewer.cro,2,.data,4332,4
FontViewer,FontViewer.cro,0,.text,0,0
FontViewer,FontViewer.cro,0,.text,0,0
FukushimaTest,FukushimaTest.cro,0,.text,384,172
FukushimaTest,FukushimaTest.cro,1,.rodata,4096,0
FukushimaTest,FukushimaTest.cro,2,.data,4336,4
FukushimaTest,FukushimaTest.cro,0,.text,0,0
FukushimaTest,FukushimaTest.cro,0,.text,0,0
GTS,GTS.cro,0,.text,384,148096
GTS,GTS.cro,1,.rodata,151552,21408
GTS,GTS.cro,2,.data,250368,260
GTS,GTS.cro,0,.text,0,0
GTS,GTS.cro,0,.text,0,0
GameClearSave,GameClearSave.cro,0,.text,384,7388
GameClearSave,GameClearSave.cro,1,.rodata,8192,772
GameClearSave,GameClearSave.cro,2,.data,23176,76
GameClearSave,GameClearSave.cro,0,.text,0,0
GameClearSave,GameClearSave.cro,0,.text,0,0
GameOver,GameOver.cro,0,.text,384,6724
GameOver,GameOver.cro,1,.rodata,8192,800
GameOver,GameOver.cro,2,.data,20948,76
GameOver,GameOver.cro,0,.text,0,0
GameOver,GameOver.cro,0,.text,0,0
GameSync,GameSync.cro,0,.text,384,29484
GameSync,GameSync.cro,1,.rodata,32768,4260
GameSync,GameSync.cro,2,.data,62336,136
GameSync,GameSync.cro,0,.text,0,0
GameSync,GameSync.cro,0,.text,0,0
HeroSelect,HeroSelect.cro,0,.text,384,15524
HeroSelect,HeroSelect.cro,1,.rodata,16384,1256
HeroSelect,HeroSelect.cro,2,.data,35328,88
HeroSelect,HeroSelect.cro,0,.text,0,0
HeroSelect,HeroSelect.cro,0,.text,0,0
IshiguroTest,IshiguroTest.cro,0,.text,384,172
IshiguroTest,IshiguroTest.cro,1,.rodata,4096,0
IshiguroTest,IshiguroTest.cro,2,.data,4336,4
IshiguroTest,IshiguroTest.cro,0,.text,0,0
IshiguroTest,IshiguroTest.cro,0,.text,0,0
IslandTest,IslandTest.cro,0,.text,384,172
IslandTest,IslandTest.cro,1,.rodata,4096,0
IslandTest,IslandTest.cro,2,.data,4332,4
IslandTest,IslandTest.cro,0,.text,0,0
IslandTest,IslandTest.cro,0,.text,0,0
JoinFesta,JoinFesta.cro,0,.text,384,83008
JoinFesta,JoinFesta.cro,1,.rodata,86016,5156
JoinFesta,JoinFesta.cro,2,.data,138376,224
JoinFesta,JoinFesta.cro,3,.bss,0,84
JoinFesta,JoinFesta.cro,0,.text,0,0
JoinFestaAttractionListSelect,JoinFestaAttractionListSelect.cro,0,.text,384,18192
JoinFestaAttractionListSelect,JoinFestaAttractionListSelect.cro,1,.rodata,20480,3000
JoinFestaAttractionListSelect,JoinFestaAttractionListSelect.cro,2,.data,41856,116
JoinFestaAttractionListSelect,JoinFestaAttractionListSelect.cro,0,.text,0,0
JoinFestaAttractionListSelect,JoinFestaAttractionListSelect.cro,0,.text,0,0
JoinFestaAttractionResult,JoinFestaAttractionResult.cro,0,.text,384,16628
JoinFestaAttractionResult,JoinFestaAttractionResult.cro,1,.rodata,20480,2380
JoinFestaAttractionResult,JoinFestaAttractionResult.cro,2,.data,39196,144
JoinFestaAttractionResult,JoinFestaAttractionResult.cro,0,.text,0,0
JoinFestaAttractionResult,JoinFestaAttractionResult.cro,0,.text,0,0
JoinFestaBeacon,JoinFestaBeacon.cro,0,.text,384,23332
JoinFestaBeacon,JoinFestaBeacon.cro,1,.rodata,24576,2512
JoinFestaBeacon,JoinFestaBeacon.cro,2,.data,49368,112
JoinFestaBeacon,JoinFestaBeacon.cro,0,.text,0,0
JoinFestaBeacon,JoinFestaBeacon.cro,0,.text,0,0
JoinFestaGlobalAttraction,JoinFestaGlobalAttraction.cro,0,.text,384,31284
JoinFestaGlobalAttraction,JoinFestaGlobalAttraction.cro,1,.rodata,32768,4824
JoinFestaGlobalAttraction,JoinFestaGlobalAttraction.cro,2,.data,63892,132
JoinFestaGlobalAttraction,JoinFestaGlobalAttraction.cro,0,.text,0,0
JoinFestaGlobalAttraction,JoinFestaGlobalAttraction.cro,0,.text,0,0
JoinFestaOpenList,JoinFestaOpenList.cro,0,.text,384,15360
JoinFestaOpenList,JoinFestaOpenList.cro,1,.rodata,16384,2540
JoinFestaOpenList,JoinFestaOpenList.cro,2,.data,36124,108
JoinFestaOpenList,JoinFestaOpenList.cro,0,.text,0,0
JoinFestaOpenList,JoinFestaOpenList.cro,0,.text,0,0
JoinFestaPlayerDetail,JoinFestaPlayerDetail.cro,0,.text,384,12904
JoinFestaPlayerDetail,JoinFestaPlayerDetail.cro,1,.rodata,16384,2188
JoinFestaPlayerDetail,JoinFestaPlayerDetail.cro,2,.data,33712,100
JoinFestaPlayerDetail,JoinFestaPlayerDetail.cro,0,.text,0,0
JoinFestaPlayerDetail,JoinFestaPlayerDetail.cro,0,.text,0,0
JoinFestaPlayerListSelect,JoinFestaPlayerListSelect.cro,0,.text,384,12860
JoinFestaPlayerListSelect,JoinFestaPlayerListSelect.cro,1,.rodata,16384,2312
JoinFestaPlayerListSelect,JoinFestaPlayerListSelect.cro,2,.data,33804,100
JoinFestaPlayerListSelect,JoinFestaPlayerListSelect.cro,0,.text,0,0
JoinFestaPlayerListSelect,JoinFestaPlayerListSelect.cro,0,.text,0,0
JoinFestaPlayerListSelectForScript,JoinFestaPlayerListSelectForScript.cro,0,.text,384,15176
JoinFestaPlayerListSelectForScript,JoinFestaPlayerListSelectForScript.cro,1,.rodata,16384,2868
JoinFestaPlayerListSelectForScript,JoinFestaPlayerListSelectForScript.cro,2,.data,34916,104
JoinFestaPlayerListSelectForScript,JoinFestaPlayerListSelectForScript.cro,0,.text,0,0
JoinFestaPlayerListSelectForScript,JoinFestaPlayerListSelectForScript.cro,0,.text,0,0
JoinFestaPlayerListSelectMulti,JoinFestaPlayerListSelectMulti.cro,0,.text,384,16332
JoinFestaPlayerListSelectMulti,JoinFestaPlayerListSelectMulti.cro,1,.rodata,20480,2720
JoinFestaPlayerListSelectMulti,JoinFestaPlayerListSelectMulti.cro,2,.data,41932,104
JoinFestaPlayerListSelectMulti,JoinFestaPlayerListSelectMulti.cro,0,.text,0,0
JoinFestaPlayerListSelectMulti,JoinFestaPlayerListSelectMulti.cro,0,.text,0,0
JoinFestaPlayerListShow,JoinFestaPlayerListShow.cro,0,.text,384,18500
JoinFestaPlayerListShow,JoinFestaPlayerListShow.cro,1,.rodata,20480,3060
JoinFestaPlayerListShow,JoinFestaPlayerListShow.cro,2,.data,43044,108
JoinFestaPlayerListShow,JoinFestaPlayerListShow.cro,0,.text,0,0
JoinFestaPlayerListShow,JoinFestaPlayerListShow.cro,0,.text,0,0
JoinFestaProfile,JoinFestaProfile.cro,0,.text,384,25420
JoinFestaProfile,JoinFestaProfile.cro,1,.rodata,28672,3500
JoinFestaProfile,JoinFestaProfile.cro,2,.data,53336,116
JoinFestaProfile,JoinFestaProfile.cro,0,.text,0,0
JoinFestaProfile,JoinFestaProfile.cro,0,.text,0,0
JoinFestaSelectWord,JoinFestaSelectWord.cro,0,.text,384,23508
JoinFestaSelectWord,JoinFestaSelectWord.cro,1,.rodata,24576,3868
JoinFestaSelectWord,JoinFestaSelectWord.cro,2,.data,48684,124
JoinFestaSelectWord,JoinFestaSelectWord.cro,0,.text,0,0
JoinFestaSelectWord,JoinFestaSelectWord.cro,0,.text,0,0
JoinFestaSubScreen,JoinFestaSubScreen.cro,0,.text,384,46716
JoinFestaSubScreen,JoinFestaSubScreen.cro,1,.rodata,49152,6284
JoinFestaSubScreen,JoinFestaSubScreen.cro,2,.data,89536,232
JoinFestaSubScreen,JoinFestaSubScreen.cro,0,.text,0,0
JoinFestaSubScreen,JoinFestaSubScreen.cro,0,.text,0,0
KawadaTest,KawadaTest.cro,0,.text,384,172
KawadaTest,KawadaTest.cro,1,.rodata,4096,0
KawadaTest,KawadaTest.cro,2,.data,4332,4
KawadaTest,KawadaTest.cro,0,.text,0,0
KawadaTest,KawadaTest.cro,0,.text,0,0
Kawaigari,Kawaigari.cro,0,.text,384,158760
Kawaigari,Kawaigari.cro,1,.rodata,159744,3612
Kawaigari,Kawaigari.cro,2,.data,207828,568
Kawaigari,Kawaigari.cro,3,.bss,0,84
Kawaigari,Kawaigari.cro,0,.text,0,0
Kisekae,Kisekae.cro,0,.text,384,52952
Kisekae,Kisekae.cro,1,.rodata,57344,4716
Kisekae,Kisekae.cro,2,.data,94208,124
Kisekae,Kisekae.cro,0,.text,0,0
Kisekae,Kisekae.cro,0,.text,0,0
KisekaeData,KisekaeData.cro,0,.text,384,2180
KisekaeData,KisekaeData.cro,1,.rodata,4096,76704
KisekaeData,KisekaeData.cro,2,.data,113368,64
KisekaeData,KisekaeData.cro,0,.text,0,0
KisekaeData,KisekaeData.cro,0,.text,0,0
LangSelect,LangSelect.cro,0,.text,384,20928
LangSelect,LangSelect.cro,1,.rodata,24576,2044
LangSelect,LangSelect.cro,2,.data,45044,92
LangSelect,LangSelect.cro,0,.text,0,0
LangSelect,LangSelect.cro,0,.text,0,0
LayoutArcTest,LayoutArcTest.cro,0,.text,384,172
LayoutArcTest,LayoutArcTest.cro,1,.rodata,4096,0
LayoutArcTest,LayoutArcTest.cro,2,.data,4336,4
LayoutArcTest,LayoutArcTest.cro,0,.text,0,0
LayoutArcTest,LayoutArcTest.cro,0,.text,0,0
Live,Live.cro,0,.text,384,51248
Live,Live.cro,1,.rodata,53248,3944
Live,Live.cro,2,.data,90988,152
Live,Live.cro,0,.text,0,0
Live,Live.cro,0,.text,0,0
MenuFrameTest,MenuFrameTest.cro,0,.text,384,172
MenuFrameTest,MenuFrameTest.cro,1,.rodata,4096,0
MenuFrameTest,MenuFrameTest.cro,2,.data,4336,4
MenuFrameTest,MenuFrameTest.cro,0,.text,0,0
MenuFrameTest,MenuFrameTest.cro,0,.text,0,0
MiracleTrade,MiracleTrade.cro,0,.text,384,29740
MiracleTrade,MiracleTrade.cro,1,.rodata,32768,3816
MiracleTrade,MiracleTrade.cro,2,.data,65560,132
MiracleTrade,MiracleTrade.cro,0,.text,0,0
MiracleTrade,MiracleTrade.cro,0,.text,0,0
MovieLib,MovieLib.cro,0,.text,384,37488
MovieLib,MovieLib.cro,1,.rodata,40960,2608
MovieLib,MovieLib.cro,2,.data,66176,232
MovieLib,MovieLib.cro,3,.bss,0,836
MovieLib,MovieLib.cro,0,.text,0,0
MutoTest,MutoTest.cro,0,.text,384,172
MutoTest,MutoTest.cro,1,.rodata,4096,0
MutoTest,MutoTest.cro,2,.data,4332,4
MutoTest,MutoTest.cro,0,.text,0,0
MutoTest,MutoTest.cro,0,.text,0,0
MysteryGift,MysteryGift.cro,0,.text,384,97052
MysteryGift,MysteryGift.cro,1,.rodata,98304,10304
MysteryGift,MysteryGift.cro,2,.data,169016,256
MysteryGift,MysteryGift.cro,3,.bss,0,568
MysteryGift,MysteryGift.cro,0,.text,0,0
NBR,NBR.cro,0,.text,384,70032
NBR,NBR.cro,1,.rodata,73728,8568
NBR,NBR.cro,2,.data,126352,200
NBR,NBR.cro,0,.text,0,0
NBR,NBR.cro,0,.text,0,0
NakahiroTest,NakahiroTest.cro,0,.text,384,172
NakahiroTest,NakahiroTest.cro,1,.rodata,4096,0
NakahiroTest,NakahiroTest.cro,2,.data,4336,4
NakahiroTest,NakahiroTest.cro,0,.text,0,0
NakahiroTest,NakahiroTest.cro,0,.text,0,0
NumberInput,NumberInput.cro,0,.text,384,8504
NumberInput,NumberInput.cro,1,.rodata,12288,1716
NumberInput,NumberInput.cro,2,.data,24480,76
NumberInput,NumberInput.cro,0,.text,0,0
NumberInput,NumberInput.cro,0,.text,0,0
ObataTest,ObataTest.cro,0,.text,384,172
ObataTest,ObataTest.cro,1,.rodata,4096,0
ObataTest,ObataTest.cro,2,.data,4332,4
ObataTest,ObataTest.cro,0,.text,0,0
ObataTest,ObataTest.cro,0,.text,0,0
Object,Object.cro,0,.text,384,60548
Object,Object.cro,1,.rodata,61440,3536
Object,Object.cro,2,.data,90804,128
Object,Object.cro,0,.text,0,0
Object,Object.cro,0,.text,0,0
P2PTrade,P2PTrade.cro,0,.text,384,19788
P2PTrade,P2PTrade.cro,1,.rodata,20480,2944
P2PTrade,P2PTrade.cro,2,.data,41404,124
P2PTrade,P2PTrade.cro,0,.text,0,0
P2PTrade,P2PTrade.cro,0,.text,0,0
ParurePokeList,ParurePokeList.cro,0,.text,384,10860
ParurePokeList,ParurePokeList.cro,1,.rodata,12288,1288
ParurePokeList,ParurePokeList.cro,2,.data,29516,84
ParurePokeList,ParurePokeList.cro,3,.bss,0,32
ParurePokeList,ParurePokeList.cro,0,.text,0,0
PeteTest,PeteTest.cro,0,.text,384,172
PeteTest,PeteTest.cro,1,.rodata,4096,0
PeteTest,PeteTest.cro,2,.data,4332,4
PeteTest,PeteTest.cro,0,.text,0,0
PeteTest,PeteTest.cro,0,.text,0,0
PokeIconView,PokeIconView.cro,0,.text,384,172
PokeIconView,PokeIconView.cro,1,.rodata,4096,0
PokeIconView,PokeIconView.cro,2,.data,4336,4
PokeIconView,PokeIconView.cro,0,.text,0,0
PokeIconView,PokeIconView.cro,0,.text,0,0
PokeViewer,PokeViewer.cro,0,.text,384,172
PokeViewer,PokeViewer.cro,1,.rodata,4096,0
PokeViewer,PokeViewer.cro,2,.data,4332,4
PokeViewer,PokeViewer.cro,0,.text,0,0
PokeViewer,PokeViewer.cro,0,.text,0,0
QRReader,QRReader.cro,0,.text,384,52636
QRReader,QRReader.cro,1,.rodata,53248,5580
QRReader,QRReader.cro,2,.data,94680,180
QRReader,QRReader.cro,3,.bss,0,32
QRReader,QRReader.cro,0,.text,0,0
QuickMatch,QuickMatch.cro,0,.text,384,22096
QuickMatch,QuickMatch.cro,1,.rodata,24576,2624
QuickMatch,QuickMatch.cro,2,.data,46176,112
QuickMatch,QuickMatch.cro,0,.text,0,0
QuickMatch,QuickMatch.cro,0,.text,0,0
RaderChart,RaderChart.cro,0,.text,384,10236
RaderChart,RaderChart.cro,1,.rodata,12288,684
RaderChart,RaderChart.cro,2,.data,22452,68
RaderChart,RaderChart.cro,3,.bss,0,136
RaderChart,RaderChart.cro,0,.text,0,0
RegulationSelect,RegulationSelect.cro,0,.text,384,49876
RegulationSelect,RegulationSelect.cro,1,.rodata,53248,5544
RegulationSelect,RegulationSelect.cro,2,.data,92868,164
RegulationSelect,RegulationSelect.cro,0,.text,0,0
RegulationSelect,RegulationSelect.cro,0,.text,0,0
Resort,Resort.cro,0,.text,384,161424
Resort,Resort.cro,1,.rodata,163840,14868
Resort,Resort.cro,2,.data,246940,476
Resort,Resort.cro,3,.bss,0,92
Resort,Resort.cro,0,.text,0,0
RoTest,RoTest.cro,0,.text,384,172
RoTest,RoTest.cro,1,.rodata,4096,0
RoTest,RoTest.cro,2,.data,4328,4
RoTest,RoTest.cro,0,.text,0,0
RoTest,RoTest.cro,0,.text,0,0
SeqEditor,SeqEditor.cro,0,.text,384,2832
SeqEditor,SeqEditor.cro,1,.rodata,4096,56
SeqEditor,SeqEditor.cro,2,.data,9132,4
SeqEditor,SeqEditor.cro,0,.text,0,0
SeqEditor,SeqEditor.cro,0,.text,0,0
SequencePlayer,SequencePlayer.cro,0,.text,384,118696
SequencePlayer,SequencePlayer.cro,1,.rodata,122880,5536
SequencePlayer,SequencePlayer.cro,2,.data,177372,628
SequencePlayer,SequencePlayer.cro,0,.text,0,0
SequencePlayer,SequencePlayer.cro,0,.text,0,0
Shop,Shop.cro,0,.text,384,17136
Shop,Shop.cro,1,.rodata,20480,1452
Shop,Shop.cro,2,.data,39120,192
Shop,Shop.cro,0,.text,0,0
Shop,Shop.cro,0,.text,0,0
SimpleAppTest,SimpleAppTest.cro,0,.text,384,172
SimpleAppTest,SimpleAppTest.cro,1,.rodata,4096,0
SimpleAppTest,SimpleAppTest.cro,2,.data,4336,4
SimpleAppTest,SimpleAppTest.cro,0,.text,0,0
SimpleAppTest,SimpleAppTest.cro,0,.text,0,0
SoundTest,SoundTest.cro,0,.text,384,172
SoundTest,SoundTest.cro,1,.rodata,4096,0
SoundTest,SoundTest.cro,2,.data,4332,4
SoundTest,SoundTest.cro,0,.text,0,0
SoundTest,SoundTest.cro,0,.text,0,0
Staffroll,Staffroll.cro,0,.text,384,23492
Staffroll,Staffroll.cro,1,.rodata,24576,2260
Staffroll,Staffroll.cro,2,.data,43432,116
Staffroll,Staffroll.cro,3,.bss,0,32
Staffroll,Staffroll.cro,0,.text,0,0
Status,Status.cro,0,.text,384,58232
Status,Status.cro,1,.rodata,61440,4788
Status,Status.cro,2,.data,100224,144
Status,Status.cro,0,.text,0,0
Status,Status.cro,0,.text,0,0
StatusUpper,StatusUpper.cro,0,.text,384,8504
StatusUpper,StatusUpper.cro,1,.rodata,12288,348
StatusUpper,StatusUpper.cro,2,.data,24564,76
StatusUpper,StatusUpper.cro,0,.text,0,0
StatusUpper,StatusUpper.cro,0,.text,0,0
StrInput,StrInput.cro,0,.text,384,35408
StrInput,StrInput.cro,1,.rodata,36864,12416
StrInput,StrInput.cro,2,.data,69808,108
StrInput,StrInput.cro,0,.text,0,0
StrInput,StrInput.cro,0,.text,0,0
SuperTraining,SuperTraining.cro,0,.text,384,20828
SuperTraining,SuperTraining.cro,1,.rodata,24576,2780
SuperTraining,SuperTraining.cro,2,.data,44476,104
SuperTraining,SuperTraining.cro,0,.text,0,0
SuperTraining,SuperTraining.cro,0,.text,0,0
TakedaTest,TakedaTest.cro,0,.text,384,172
TakedaTest,TakedaTest.cro,1,.rodata,4096,0
TakedaTest,TakedaTest.cro,2,.data,4332,4
TakedaTest,TakedaTest.cro,0,.text,0,0
TakedaTest,TakedaTest.cro,0,.text,0,0
TeamSelect,TeamSelect.cro,0,.text,384,46600
TeamSelect,TeamSelect.cro,1,.rodata,49152,5428
TeamSelect,TeamSelect.cro,2,.data,83644,252
TeamSelect,TeamSelect.cro,0,.text,0,0
TeamSelect,TeamSelect.cro,0,.text,0,0
Title,Title.cro,0,.text,384,11592
Title,Title.cro,1,.rodata,12288,824
Title,Title.cro,2,.data,27240,220
Title,Title.cro,3,.bss,0,32
Title,Title.cro,0,.text,0,0
TitleMenu,TitleMenu.cro,0,.text,384,17344
TitleMenu,TitleMenu.cro,1,.rodata,20480,1388
TitleMenu,TitleMenu.cro,2,.data,41928,88
TitleMenu,TitleMenu.cro,0,.text,0,0
TitleMenu,TitleMenu.cro,0,.text,0,0
TownMap,TownMap.cro,0,.text,384,11388
TownMap,TownMap.cro,1,.rodata,12288,932
TownMap,TownMap.cro,2,.data,27596,84
TownMap,TownMap.cro,3,.bss,0,32
TownMap,TownMap.cro,0,.text,0,0
TownMapParts,TownMapParts.cro,0,.text,384,18256
TownMapParts,TownMapParts.cro,1,.rodata,20480,4604
TownMapParts,TownMapParts.cro,2,.data,40160,68
TownMapParts,TownMapParts.cro,0,.text,0,0
TownMapParts,TownMapParts.cro,0,.text,0,0
TrainerPass,TrainerPass.cro,0,.text,384,13116
TrainerPass,TrainerPass.cro,1,.rodata,16384,976
TrainerPass,TrainerPass.cro,2,.data,33080,84
TrainerPass,TrainerPass.cro,3,.bss,0,32
TrainerPass,TrainerPass.cro,0,.text,0,0
TrainerPhoto,TrainerPhoto.cro,0,.text,384,22516
TrainerPhoto,TrainerPhoto.cro,1,.rodata,24576,1552
TrainerPhoto,TrainerPhoto.cro,2,.data,46576,128
TrainerPhoto,TrainerPhoto.cro,0,.text,0,0
TrainerPhoto,TrainerPhoto.cro,0,.text,0,0
UIUnitTest,UIUnitTest.cro,0,.text,384,172
UIUnitTest,UIUnitTest.cro,1,.rodata,4096,0
UIUnitTest,UIUnitTest.cro,2,.data,4332,4
UIUnitTest,UIUnitTest.cro,0,.text,0,0
UIUnitTest,UIUnitTest.cro,0,.text,0,0
WazaOmoidasi,WazaOmoidasi.cro,0,.text,384,19880
WazaOmoidasi,WazaOmoidasi.cro,1,.rodata,20480,2204
WazaOmoidasi,WazaOmoidasi.cro,2,.data,44536,84
WazaOmoidasi,WazaOmoidasi.cro,3,.bss,0,32
WazaOmoidasi,WazaOmoidasi.cro,0,.text,0,0
WazaOshie,WazaOshie.cro,0,.text,384,24328
WazaOshie,WazaOshie.cro,1,.rodata,28672,2112
WazaOshie,WazaOshie.cro,2,.data,52316,96
WazaOshie,WazaOshie.cro,0,.text,0,0
WazaOshie,WazaOshie.cro,0,.text,0,0
Zukan,Zukan.cro,0,.text,384,195192
Zukan,Zukan.cro,1,.rodata,196608,17684
Zukan,Zukan.cro,2,.data,279128,16588
Zukan,Zukan.cro,3,.bss,0,32
Zukan,Zukan.cro,0,.text,0,0
|static|,static.crs,0,.text,1048576,4806560
|static|,static.crs,1,.rodata,5857280,654984
|static|,static.crs,2,.data,6512640,443684
|static|,static.crs,1,.rodata,6959104,0
|static|,static.crs,1,.rodata,67108864,980
